lon,lat,temp,pressure,humidity,temp_min,temp_max
47.151726,27.587914,31.98,1004.01,14,31.98,31.98
50.60,84.76,0.78,1009.42,80,0.78,0.78
71.71,15.38,27.78,1006.6,82,27.78,27.78
64.10,15.17,28.18,1007.34,84,28.18,28.18
40.90,66.99,5.78,1010.53,87,5.78,5.78
23.17,99.48,28.23,1011,74,26,31
21.13,95.37,28.23,1011,74,26,31
64.49,69.66,0.58,1001.83,95,0.58,0.58
14.33,84.80,0.58,1008.08,93,0.58,0.58
47.88,78.91,-0.62,1008.6,94,-0.62,-0.62
35.36,40.39,28.23,1011,74,26,31
66.63,38.66,28.23,1011,74,26,31
18.16,17.89,28.23,1011,74,26,31
52.74,24.74,28.23,1011,74,26,31
92.43,60.86,28.23,1011,74,26,31
94.43,48.76,20.18,1008.05,48,20.18,20.18
12.43,69.75,8.68,1002.99,96,8.68,8.68
85.51,50.19,28.23,1011,74,26,31
23.25,39.43,26.51,1012,69,26,27
42.65,88.93,28.23,1011,74,26,31
11.17,13.79,28.23,1011,74,26,31
52.14,97.21,28.23,1011,74,26,31
33.92,17.16,28.23,1011,74,26,31
24.19,17.40,28.23,1011,74,26,31
19.26,91.61,28.23,1011,74,26,31
23.53,62.91,28.23,1011,74,26,31
23.83,29.31,32.18,1011.83,17,32.18,32.18
49.66,48.49,29.48,1014.52,28,29.48,29.48
87.90,56.57,28.23,1011,74,26,31
90.21,91.51,28.23,1011,74,26,31
11.78,40.31,28.23,1011,74,26,31
35.50,35.38,28.23,1011,74,26,31
27.61,53.92,28.23,1011,74,26,31
16.90,90.11,28.23,1011,74,26,31
30.72,73.36,3.98,1013.94,81,3.98,3.98
34.36,12.30,31.78,1007.04,44,31.78,31.78
45.17,27.33,31.68,1006.11,15,31.68,31.68
32.14,51.23,28.23,1011,74,26,31
53.86,43.31,28.23,1011,74,26,31
63.22,93.65,28.23,1011,74,26,31
21.39,27.74,28.23,1011,74,26,31
52.15,47.59,27,1011,26,27,27
85.49,43.83,9.88,1012.32,73,9.88,9.88
32.91,30.77,24.38,1010.72,69,24.38,24.38
38.91,63.23,28.23,1011,74,26,31
53.77,61.39,28.23,1011,74,26,31
55.70,27.47,31.28,1003.29,37,31.28,31.28
82.33,52.44,15.28,1010.86,67,15.28,15.28
33.94,19.94,34.78,1004.1,8,34.78,34.78
57.66,11.85,27.08,1007.89,82,27.08,27.08
30.10,99.26,28.23,1011,74,26,31
38.10,97.36,28.23,1011,74,26,31
26.74,48.69,21.67,1012,85,21.67,21.67
93.84,63.59,9.28,1014.11,76,9.28,9.28
33.46,99.19,28.23,1011,74,26,31
13.52,61.65,14,1006,71,14,14
72.86,68.74,3.18,1003.66,75,3.18,3.18
86.60,96.32,28.23,1011,74,26,31
64.20,13.34,28.18,1008.09,82,28.18,28.18
75.14,85.79,0.28,1009.95,94,0.28,0.28
97.24,77.19,1.18,1014.59,83,1.18,1.18
48.79,40.33,27.38,1010.99,36,27.38,27.38
35.42,38.15,20.89,1013,68,20,21.11
92.87,87.33,0.48,1010.67,84,0.48,0.48
77.15,17.35,28.23,1011,74,26,31
19.33,98.88,28.23,1011,74,26,31
36.96,11.32,28.23,1011,74,26,31
33.19,79.26,28.23,1011,74,26,31
74.95,97.63,28.23,1011,74,26,31
86.44,89.88,0.38,1008.61,95,0.38,0.38
54.41,94.29,28.23,1011,74,26,31
27.97,23.87,30.98,1010.54,16,30.98,30.98
92.59,10.96,28.23,1011,74,26,31
17.44,44.77,28.23,1011,74,26,31
11.16,32.77,34.68,1012.35,21,34.68,34.68
76.76,14.64,24.48,1008.34,70,24.48,24.48
35.58,43.54,25.98,1009.63,75,25.98,25.98
95.40,77.96,0.58,1014.32,86,0.58,0.58
49.68,85.27,0.78,1009.44,85,0.78,0.78
36.41,77.53,0.38,1012.52,90,0.38,0.38
29.19,52.83,22.98,1014.4,80,22.98,22.98
68.76,87.29,0.48,1010.25,82,0.48,0.48
14.42,14.47,28.23,1011,74,26,31
27.69,31.41,26,1012,83,26,26
54.95,78.19,0.08,1006.61,94,0.08,0.08
31.59,42.68,25.48,1011.5,79,25.48,25.48
93.37,54.38,28.23,1011,74,26,31
54.82,10.38,28.23,1011,74,26,31
39.96,12.37,28.23,1011,74,26,31
12.38,10.48,28.23,1011,74,26,31
16.28,19.44,37.28,1006.81,9,37.28,37.28
60.79,30.49,29.58,1001.14,13,29.58,29.58
66.46,77.17,28.23,1011,74,26,31
60.95,90.22,28.23,1011,74,26,31
48.75,45.30,28.23,1011,74,26,31
52.45,67.14,28.23,1011,74,26,31
50.69,18.40,33.38,1002.52,9,33.38,33.38
33.85,92.99,28.23,1011,74,26,31
43.66,18.14,24.58,1008.05,18,24.58,24.58
85.70,91.52,28.23,1011,74,26,31
16.90,68.36,10.44,1004,87,8.89,12
56.58,73.34,28.23,1011,74,26,31
49.51,41.48,28.23,1011,74,26,31
24.42,73.98,28.23,1011,74,26,31
40.94,97.61,28.23,1011,74,26,31
91.85,32.53,28.23,1011,74,26,31
37.55,39.35,14.98,1010.33,81,14.98,14.98
31.15,21.16,37.28,1004.57,8,37.28,37.28
64.57,27.65,31.18,1002.03,30,31.18,31.18
65.13,54.23,28.23,1011,74,26,31
52.89,15.70,28.23,1011,74,26,31
84.32,89.23,0.48,1009.44,94,0.48,0.48
33.63,52.78,28.23,1011,74,26,31
14.58,58.27,13.32,1013,58,11.11,16
30.94,70.71,5.51,1011,80,5,6
17.90,67.24,7.18,1004,98,7.18,7.18
45.32,84.27,0.98,1009.51,92,0.98,0.98
13.73,85.30,0.48,1007.91,95,0.48,0.48
41.80,23.58,32.68,1007.39,9,32.68,32.68
18.80,98.90,28.23,1011,74,26,31
62.87,92.41,28.23,1011,74,26,31
86.84,77.30,1.28,1011.79,90,1.28,1.28
27.39,26.26,30.58,1011.36,18,30.58,30.58
66.29,47.71,22.68,1010.56,31,22.68,22.68
71.99,95.83,28.23,1011,74,26,31
68.83,38.72,22,1008,49,22,22
82.39,51.30,15.18,1011.3,80,15.18,15.18
51.15,53.51,24,1018,47,24,24
84.17,11.99,28.98,1005.04,85,28.98,28.98
90.85,75.32,5.58,1012.43,85,5.58,5.58
77.73,29.15,28.23,1011,74,26,31
22.60,70.82,28.23,1011,74,26,31
53.88,24.83,31.88,999.59,75,31.88,31.88
27.62,84.65,28.23,1011,74,26,31
32.67,80.24,1.28,1012.78,90,1.28,1.28
54.55,66.58,28.23,1011,74,26,31
60.42,95.35,28.23,1011,74,26,31
73.22,88.44,0.38,1010.24,90,0.38,0.38
49.11,49.45,25.78,1015.87,43,25.78,25.78
49.16,13.67,30.38,1003.4,76,30.38,30.38
67.97,85.63,0.28,1009.83,91,0.28,0.28
44.72,90.47,28.23,1011,74,26,31
25.12,45.86,18.89,1013,84,17.78,19.44
93.49,61.75,9.48,1014.84,74,9.48,9.48
49.37,27.97,28.23,1011,74,26,31
86.37,38.49,26.78,1006.51,28,26.78,26.78
36.89,32.96,28.23,1011,74,26,31
30.32,26.35,30.68,1009.82,17,30.68,30.68
99.87,88.26,0.48,1010.8,84,0.48,0.48
89.13,53.48,28.23,1011,74,26,31
99.78,24.64,28.23,1011,74,26,31
20.98,12.82,28.23,1011,74,26,31
19.98,38.55,26.86,1014,83,25,27.22
94.53,48.26,28.23,1011,74,26,31
69.29,85.34,0.18,1009.84,96,0.18,0.18
48.47,68.68,2.48,1012.39,90,2.48,2.48
10.46,44.27,28.23,1011,74,26,31
62.57,29.92,34.88,1000.2,14,34.88,34.88
67.25,75.30,28.23,1011,74,26,31
15.27,32.43,28.23,1011,74,26,31
51.74,25.53,28.23,1011,74,26,31
32.38,89.22,0.38,1008.7,96,0.38,0.38
88.48,38.55,16.78,1010.15,40,16.78,16.78
63.58,53.40,28.23,1011,74,26,31
96.91,48.61,28.23,1011,74,26,31
45.32,88.94,0.38,1009.21,95,0.38,0.38
98.84,48.11,28.23,1011,74,26,31
70.94,37.99,8.78,1014.49,68,8.78,8.78
65.83,69.18,1.28,1002.81,98,1.28,1.28
44.73,35.52,28.23,1011,74,26,31
47.24,71.40,28.23,1011,74,26,31
89.78,22.21,28.23,1011,74,26,31
79.41,90.59,28.23,1011,74,26,31
23.86,99.70,28.23,1011,74,26,31
28.98,46.28,23.58,1014.21,68,23.58,23.58
60.71,73.94,28.23,1011,74,26,31
62.56,21.54,28.68,1003.01,85,28.68,28.68
59.50,52.17,18.18,1015.23,75,18.18,18.18
86.14,81.81,-0.32,1013.53,92,-0.32,-0.32
33.95,79.34,28.23,1011,74,26,31
88.76,31.60,11.08,1002.1,16,11.08,11.08
25.41,64.33,17.9,1004,67,17,18.89
27.88,16.23,32.18,1005.25,9,32.18,32.18
41.86,47.69,23.88,1015.45,45,23.88,23.88
12.38,43.14,24.92,1014,45,22.22,28
95.40,46.24,20.68,1008.11,50,20.68,20.68
71.32,93.74,28.23,1011,74,26,31
40.26,63.92,19.48,1007.46,72,19.48,19.48
45.57,84.59,0.88,1009.41,92,0.88,0.88
69.15,79.14,0.28,1008.84,95,0.28,0.28
47.91,42.84,25,1012,47,25,25
54.33,78.43,0.08,1006.67,95,0.08,0.08
17.69,58.82,19.29,1011,45,17.78,21.11
46.46,35.32,24,1013,25,24,24
18.20,90.78,28.23,1011,74,26,31
28.45,70.62,28.23,1011,74,26,31
84.74,38.99,26.37,1014,58,26.11,26.67
22.29,65.36,28.23,1011,74,26,31
56.46,36.14,28.23,1011,74,26,31
52.58,84.69,0.58,1009.44,81,0.58,0.58
88.84,97.17,28.23,1011,74,26,31
82.42,36.87,22.08,1012.87,46,22.08,22.08
39.43,79.38,28.23,1011,74,26,31
62.22,69.10,0.88,1003.32,99,0.88,0.88
20.34,54.86,18,1016,88,18,18
83.73,95.18,28.23,1011,74,26,31
52.90,11.75,27.18,1005.61,81,27.18,27.18
25.12,78.14,2.98,1014.2,74,2.98,2.98
76.13,84.21,0.48,1010.58,97,0.48,0.48
29.72,52.11,22.68,1014.82,81,22.68,22.68
70.47,39.26,0.88,1011.42,81,0.88,0.88
52.70,45.10,28.23,1011,74,26,31
79.50,73.68,28.23,1011,74,26,31
70.77,53.29,28.23,1011,74,26,31
42.44,95.63,28.23,1011,74,26,31
12.80,28.15,37.98,1012.14,9,37.98,37.98
51.37,27.53,28.23,1011,74,26,31
14.64,46.39,28.23,1011,74,26,31
55.60,34.64,28.23,1011,74,26,31
55.17,28.12,28.23,1011,74,26,31
44.16,57.47,28.23,1011,74,26,31
53.82,11.96,28.23,1011,74,26,31
61.78,38.93,35.38,1004.34,10,35.38,35.38
18.35,46.22,22.48,1014.65,82,22.48,22.48
73.80,19.48,28.23,1011,74,26,31
74.44,86.26,28.23,1011,74,26,31
48.77,25.40,31.68,1002.95,13,31.68,31.68
13.94,82.96,0.78,1009.82,97,0.78,0.78
41.19,14.79,28.23,1011,74,26,31
88.51,45.59,28.23,1011,74,26,31
83.49,80.46,28.23,1011,74,26,31
14.88,92.85,28.23,1011,74,26,31
16.13,87.32,0.38,1008.3,95,0.38,0.38
28.20,26.94,31.38,1010.8,16,31.38,31.38
24.47,27.59,28.23,1011,74,26,31
65.86,40.52,26.48,1008.85,14,26.48,26.48
25.78,74.26,28.23,1011,74,26,31
61.70,55.75,14.74,1016,51,14.44,15
32.58,62.71,22.68,1005.69,65,22.68,22.68
88.14,61.91,28.23,1011,74,26,31
66.73,26.50,28.23,1011,74,26,31
80.46,93.88,28.23,1011,74,26,31
61.13,32.12,28.23,1011,74,26,31
25.91,13.80,28.23,1011,74,26,31
25.49,89.50,28.23,1011,74,26,31
22.88,24.17,28.23,1011,74,26,31
86.46,22.60,28.23,1011,74,26,31
25.27,21.90,28.23,1011,74,26,31
89.25,10.16,28.23,1011,74,26,31
59.78,82.15,0.18,1009.91,91,0.18,0.18
47.66,28.16,31.98,1002.64,13,31.98,31.98
87.66,67.26,13.88,1005.6,56,13.88,13.88
27.34,85.16,0.58,1008.79,93,0.58,0.58
22.14,31.75,29.58,1013.82,29,29.58,29.58
47.71,63.65,12.08,1013.12,75,12.08,12.08
65.97,39.26,28,1006,23,28,28
59.54,79.14,0.28,1008.23,92,0.28,0.28
83.79,39.10,26.4,1017,57,26.11,26.67
31.90,98.42,28.23,1011,74,26,31
36.79,30.43,26.68,1008.95,28,26.68,26.68
64.49,68.46,1.48,1005.17,97,1.48,1.48
72.15,47.77,28.23,1011,74,26,31
20.31,38.49,25.76,1014,83,24.44,27.22
46.85,94.41,28.23,1011,74,26,31
80.57,61.43,13.98,1003.45,94,13.98,13.98
85.14,34.40,-1.72,1015.89,77,-1.72,-1.72
65.75,58.36,8.48,1013.3,63,8.48,8.48
24.83,57.74,18.89,1011,78,18.89,18.89
38.78,79.96,0.78,1011.7,96,0.78,0.78
21.27,15.19,36.88,1005.84,10,36.88,36.88
44.52,88.97,28.23,1011,74,26,31
89.75,57.24,13.08,1013.03,82,13.08,13.08
16.18,14.37,28.23,1011,74,26,31
90.19,92.74,28.23,1011,74,26,31
35.71,78.59,28.23,1011,74,26,31
21.82,45.30,28.23,1011,74,26,31
94.19,30.62,5.08,1014.93,96,5.08,5.08
78.51,56.16,28.23,1011,74,26,31
53.73,91.48,28.23,1011,74,26,31
76.60,43.40,18,1008,59,18,18
37.59,19.89,33.18,1003.91,54,33.18,33.18
64.51,51.28,28.23,1011,74,26,31
75.12,47.79,19.48,1010.53,42,19.48,19.48
22.73,45.62,20.58,1014.88,81,20.58,20.58
63.78,87.60,28.23,1011,74,26,31
73.14,21.21,29,1004,83,29,29
10.21,42.13,21,1013,77,21,21
39.60,55.96,28.23,1011,74,26,31
80.18,18.34,26.18,1003.41,79,26.18,26.18
26.26,79.59,28.23,1011,74,26,31
18.68,99.37,28.23,1011,74,26,31
68.11,87.79,28.23,1011,74,26,31
29.46,46.84,24.59,1014,78,24,25
86.49,22.86,28.58,1002.52,77,28.58,28.58
62.76,86.84,28.23,1011,74,26,31
55.25,63.40,28.23,1011,74,26,31
39.55,10.46,28.23,1011,74,26,31
18.66,62.80,18.35,1003,82,17,21
22.58,63.57,28.23,1011,74,26,31
36.14,81.79,28.23,1011,74,26,31
30.71,57.77,19.98,1011.24,94,19.98,19.98
10.50,74.89,6.88,1014.11,81,6.88,6.88
80.30,72.45,28.23,1011,74,26,31
51.20,93.90,28.23,1011,74,26,31
54.14,76.64,-0.32,1004.14,94,-0.32,-0.32
44.30,64.74,10.68,1011.11,95,10.68,10.68
36.92,93.64,28.23,1011,74,26,31
33.57,70.30,28.23,1011,74,26,31
25.64,19.95,28.23,1011,74,26,31
16.35,68.56,28.23,1011,74,26,31
29.49,11.52,33.18,1007.29,37,33.18,33.18
88.35,14.18,28.78,1005.19,82,28.78,28.78
85.25,99.66,28.23,1011,74,26,31
96.97,20.34,28.23,1011,74,26,31
49.82,40.58,26,1010,65,26,26
74.25,63.66,6.68,997.47,93,6.68,6.68
76.19,49.72,28.23,1011,74,26,31
20.90,75.33,28.23,1011,74,26,31
61.51,23.33,28.23,1011,74,26,31
69.71,27.46,37.08,998.01,27,37.08,37.08
41.27,81.46,28.23,1011,74,26,31
84.68,10.29,28.23,1011,74,26,31
83.47,76.64,28.23,1011,74,26,31
76.96,45.29,28.23,1011,74,26,31
90.39,84.26,28.23,1011,74,26,31
25.23,53.83,20.38,1013.43,87,20.38,20.38
23.31,39.40,26.52,1012,69,26,27
76.97,85.31,0.28,1010.04,96,0.28,0.28
56.54,35.74,33.18,1006.21,17,33.18,33.18
23.14,59.67,16.44,1011,80,14.44,18.33
31.15,37.10,25.18,1009,57,25,25.56
77.94,35.52,-12.52,1021.91,83,-12.52,-12.52
51.84,65.47,8.58,1013.83,59,8.58,8.58
49.10,86.53,0.48,1009.7,92,0.48,0.48
48.55,10.39,26.28,1008.29,55,26.28,26.28
77.56,52.22,16,1008,77,16,16
17.60,93.65,28.23,1011,74,26,31
28.28,55.11,21.58,1012.44,84,21.58,21.58
72.67,82.80,-0.12,1011.1,90,-0.12,-0.12
84.31,19.51,28.23,1011,74,26,31
11.69,21.88,37.88,1008.96,11,37.88,37.88
95.69,64.66,8.28,1015.42,60,8.28,8.28
65.84,17.92,28.68,1005.4,83,28.68,28.68
11.26,45.61,28.23,1011,74,26,31
82.86,13.73,29.48,1004.05,79,29.48,29.48
69.61,71.53,1.18,1001.25,98,1.18,1.18
91.22,11.96,29.08,1006.5,81,29.08,29.08
37.64,94.42,28.23,1011,74,26,31
39.25,70.54,3.78,1012.43,84,3.78,3.78
49.45,60.37,14.18,1016.28,61,14.18,14.18
98.67,35.59,4.98,1011.92,72,4.98,4.98
66.57,99.81,28.23,1011,74,26,31
98.96,28.41,28.23,1011,74,26,31
90.21,13.93,28.98,1005.41,78,28.98,28.98
54.25,51.67,28.23,1011,74,26,31
27.39,72.30,28.23,1011,74,26,31
67.90,97.52,28.23,1011,74,26,31
37.48,10.22,16.18,1014.84,89,16.18,16.18
48.95,34.63,21.99,1016,17,21,23
39.34,88.48,28.23,1011,74,26,31
93.42,81.12,28.23,1011,74,26,31
36.24,38.93,20.91,1013,68,20,21.11
46.75,22.22,31.08,1005.78,9,31.08,31.08
85.71,99.56,28.23,1011,74,26,31
84.88,95.40,28.23,1011,74,26,31
81.46,20.44,26.78,1002.5,73,26.78,26.78
96.89,44.92,25.18,1007.99,33,25.18,25.18
70.68,58.23,28.23,1011,74,26,31
71.52,16.19,27.98,1006.29,82,27.98,27.98
92.43,77.61,28.23,1011,74,26,31
26.75,11.96,28.23,1011,74,26,31
58.26,54.37,28.23,1011,74,26,31
56.90,85.50,0.38,1009.54,85,0.38,0.38
35.46,86.16,28.23,1011,74,26,31
51.84,31.77,28.23,1011,74,26,31
44.69,81.34,0.88,1010.47,90,0.88,0.88
36.16,90.31,28.23,1011,74,26,31
33.48,30.20,28.23,1011,74,26,31
85.97,36.56,0.98,1016.12,66,0.98,0.98
36.68,54.44,28.23,1011,74,26,31
14.78,96.94,28.23,1011,74,26,31
84.45,99.57,28.23,1011,74,26,31
10.99,80.25,28.23,1011,74,26,31
34.96,51.57,28.23,1011,74,26,31
53.27,19.55,28.23,1011,74,26,31
70.84,88.87,28.23,1011,74,26,31
67.22,64.81,28.23,1011,74,26,31
68.27,36.18,28.48,1008.08,19,28.48,28.48
86.31,98.45,28.23,1011,74,26,31
26.83,12.66,37.08,1005.14,21,37.08,37.08
20.43,62.62,13.98,1003.41,72,13.98,13.98
91.84,29.73,28.23,1011,74,26,31
52.96,76.51,-0.22,1004.18,94,-0.22,-0.22
13.47,65.20,11.81,1008,81,11.67,12
20.83,96.52,28.23,1011,74,26,31
32.70,77.24,28.23,1011,74,26,31
28.64,50.34,28.23,1011,74,26,31
59.71,16.45,27.88,1005.21,83,27.88,27.88
75.31,88.66,28.23,1011,74,26,31
18.13,87.56,28.23,1011,74,26,31
26.19,65.84,28.23,1011,74,26,31
49.66,83.96,28.23,1011,74,26,31
43.23,52.22,28.23,1011,74,26,31
20.67,59.45,15.98,1010.62,79,15.98,15.98
22.76,87.83,0.38,1008.63,95,0.38,0.38
53.23,33.35,36.38,998.71,8,36.38,36.38
53.43,20.61,37.38,999.51,13,37.38,37.38
32.99,30.32,24.68,1010.78,58,24.68,24.68
44.26,53.23,25,999,42,25,25
47.99,78.81,-0.62,1008.6,94,-0.62,-0.62
91.61,59.61,28.23,1011,74,26,31
52.18,32.24,27,1012,10,27,27
94.66,45.27,18.08,1007.92,51,18.08,18.08
46.94,67.12,3.98,1013.82,79,3.98,3.98
30.53,30.40,25.88,1010.94,45,25.88,25.88
20.71,95.65,28.23,1011,74,26,31
34.99,72.64,2.68,1013.19,83,2.68,2.68
59.67,79.37,0.28,1008.23,92,0.28,0.28
24.64,27.89,28.23,1011,74,26,31
77.11,94.28,28.23,1011,74,26,31
65.86,24.13,29.08,1003.67,83,29.08,29.08
97.81,43.15,24.98,1007.53,41,24.98,24.98
44.73,11.33,28.23,1011,74,26,31
29.39,22.35,34.98,1007.62,14,34.98,34.98
97.25,93.31,28.23,1011,74,26,31
92.86,77.76,1.28,1013.79,82,1.28,1.28
98.61,97.12,28.23,1011,74,26,31
82.66,43.89,28.23,1011,74,26,31
55.24,87.87,28.23,1011,74,26,31
56.74,46.28,31.08,1010.19,17,31.08,31.08
79.33,94.18,28.23,1011,74,26,31
42.54,53.44,21.18,1018.15,64,21.18,21.18
29.44,87.21,28.23,1011,74,26,31
13.39,89.25,0.38,1008.37,94,0.38,0.38
24.59,75.89,28.23,1011,74,26,31
37.95,22.67,28.23,1011,74,26,31
24.26,47.88,28.23,1011,74,26,31
30.57,48.79,22.28,1015.17,71,22.28,22.28
50.94,42.64,26.18,1009.65,65,26.18,26.18
32.88,11.16,28.23,1011,74,26,31
20.51,25.84,34.68,1011.57,13,34.68,34.68
63.60,48.86,24.78,1011.41,28,24.78,24.78
35.37,73.61,1.98,1012.7,85,1.98,1.98
43.59,26.12,33,1009,22,33,33
24.94,50.47,20,745,93,20,20
19.45,21.16,28.23,1011,74,26,31
25.76,50.42,28.23,1011,74,26,31
13.17,10.46,28.23,1011,74,26,31
83.14,72.63,3.58,1006.29,90,3.58,3.58
12.42,40.89,28.23,1011,74,26,31
71.26,84.15,0.38,1010.24,97,0.38,0.38
90.20,21.11,28.23,1011,74,26,31
44.23,52.69,21.18,1018.67,62,21.18,21.18
96.46,16.25,28.23,1011,74,26,31
61.36,10.24,28.23,1011,74,26,31
83.44,36.85,28.23,1011,74,26,31
72.59,72.12,0.58,1002.05,98,0.58,0.58
88.75,93.15,28.23,1011,74,26,31
41.86,36.20,28.23,1011,74,26,31
31.25,49.87,28.23,1011,74,26,31
18.41,20.89,28.23,1011,74,26,31
84.29,70.59,28.23,1011,74,26,31
70.42,76.43,28.23,1011,74,26,31
26.74,73.45,4.98,1013.87,77,4.98,4.98
95.67,68.19,2.88,1015.03,68,2.88,2.88
23.92,91.60,28.23,1011,74,26,31
78.45,65.47,11.11,994,90,11.11,11.11
39.31,40.48,11.38,1010.72,97,11.38,11.38
96.75,91.66,28.23,1011,74,26,31
88.37,81.20,28.23,1011,74,26,31
97.32,26.73,28.23,1011,74,26,31
32.46,85.11,0.58,1009.04,93,0.58,0.58
61.39,33.52,29.18,1006.41,13,29.18,29.18
41.70,22.32,28.23,1011,74,26,31
22.19,11.84,28.23,1011,74,26,31
93.70,55.16,28.23,1011,74,26,31
43.85,54.62,28.23,1011,74,26,31
14.52,90.32,28.23,1011,74,26,31
78.24,36.14,-1.52,1019.49,78,-1.52,-1.52
36.24,67.61,9.28,1009.13,94,9.28,9.28
77.48,15.53,28.23,1011,74,26,31
50.84,72.48,1.68,1005.42,94,1.68,1.68
97.67,91.44,28.23,1011,74,26,31
16.24,76.41,4.18,1014.38,78,4.18,4.18
47.46,95.91,28.23,1011,74,26,31
69.72,35.96,16.28,1011.32,40,16.28,16.28
78.83,89.77,0.38,1008.61,95,0.38,0.38
26.98,91.88,28.23,1011,74,26,31
32.28,61.42,17.48,1007.89,92,17.48,17.48
70.52,44.52,28.08,1007.81,20,28.08,28.08
54.90,74.59,0.68,1002.31,89,0.68,0.68
94.56,77.68,0.68,1014.22,85,0.68,0.68
49.79,92.37,28.23,1011,74,26,31
66.49,95.76,28.23,1011,74,26,31
60.38,25.87,28.23,1011,74,26,31
61.40,98.20,28.23,1011,74,26,31
43.34,39.18,12.28,1011.22,79,12.28,12.28
63.25,56.98,28.23,1011,74,26,31
79.70,50.90,18.28,1009.9,60,18.28,18.28
23.95,51.97,21.88,1013.64,85,21.88,21.88
70.24,18.24,28.23,1011,74,26,31
89.52,66.85,13.28,1008.64,57,13.28,13.28
58.57,73.37,28.23,1011,74,26,31
27.85,12.76,38.48,1005.38,19,38.48,38.48
58.24,21.31,29.58,1001.97,59,29.58,29.58
39.28,27.62,33.98,1007.37,10,33.98,33.98
39.96,72.71,28.23,1011,74,26,31
22.39,92.58,28.23,1011,74,26,31
20.49,87.31,28.23,1011,74,26,31
15.27,96.92,28.23,1011,74,26,31
42.53,98.55,28.23,1011,74,26,31
26.12,41.71,28.23,1011,74,26,31
69.79,76.77,-0.22,1003.7,93,-0.22,-0.22
21.54,58.65,28.23,1011,74,26,31
27.84,64.63,17,1005,88,17,17
36.31,81.41,28.23,1011,74,26,31
77.66,69.48,28.23,1011,74,26,31
94.84,63.68,9.18,1014.91,75,9.18,9.18
39.41,81.57,0.88,1011.06,95,0.88,0.88
40.75,41.49,25.18,1011.15,72,25.18,25.18
81.94,62.91,28.23,1011,74,26,31
69.17,54.17,14.48,1010.99,84,14.48,14.48
81.39,65.81,28.23,1011,74,26,31
14.58,69.44,28.23,1011,74,26,31
13.71,26.31,28.23,1011,74,26,31
62.98,52.86,20,1013,45,20,20
50.96,98.28,28.23,1011,74,26,31
98.56,42.45,28.23,1011,74,26,31
51.18,56.95,28.23,1011,74,26,31
39.14,86.88,0.58,1009.35,94,0.58,0.58
46.95,43.65,24.98,1013.3,44,24.98,24.98
21.78,35.40,28.23,1011,74,26,31
22.97,49.39,28.23,1011,74,26,31
35.41,73.16,2.28,1012.89,85,2.28,2.28
71.31,15.48,28.23,1011,74,26,31
22.71,98.33,28.23,1011,74,26,31
16.48,49.65,28.23,1011,74,26,31
52.96,42.74,28.23,1011,74,26,31
59.89,59.14,28.23,1011,74,26,31
24.94,44.56,28.23,1011,74,26,31
15.79,59.95,15.92,1008,51,14.44,17.78
44.18,40.23,28.23,1011,74,26,31
29.66,31.27,28.23,1011,74,26,31
69.34,59.75,8.28,1008.61,86,8.28,8.28
16.58,55.70,17.08,1014.81,75,17.08,17.08
34.13,72.65,28.23,1011,74,26,31
29.24,94.32,28.23,1011,74,26,31
95.61,25.10,24.88,1005.16,91,24.88,24.88
85.73,58.47,14.78,1010.2,76,14.78,14.78
23.86,99.17,28.23,1011,74,26,31
78.40,56.63,28.23,1011,74,26,31
32.33,68.91,28.23,1011,74,26,31
74.48,23.62,28.23,1011,74,26,31
90.18,18.31,28.98,1004.36,79,28.98,28.98
17.19,71.96,28.23,1011,74,26,31
90.72,27.55,10.28,1012.2,96,10.28,10.28
14.71,57.77,28.23,1011,74,26,31
18.80,77.71,6.48,1014.07,66,6.48,6.48
25.14,94.26,28.23,1011,74,26,31
75.30,41.66,7.88,1014.26,68,7.88,7.88
88.12,70.54,9.08,1007.91,73,9.08,9.08
17.99,88.77,0.38,1008.39,94,0.38,0.38
61.11,45.13,28.23,1011,74,26,31
73.46,83.35,-0.22,1010.97,92,-0.22,-0.22
31.18,94.24,28.23,1011,74,26,31
50.45,81.97,0.08,1009.97,98,0.08,0.08
38.98,93.41,28.23,1011,74,26,31
15.17,35.12,26.08,1015.43,67,26.08,26.08
93.27,75.41,3.48,1013.57,82,3.48,3.48
50.16,67.12,28.23,1011,74,26,31
33.45,56.79,20.08,1012.64,91,20.08,20.08
26.69,60.17,18.98,1008.62,71,18.98,18.98
86.98,41.87,23.89,993,61,23.89,23.89
35.52,77.78,28.23,1011,74,26,31
12.22,38.90,24.48,1013.73,69,24.48,24.48
25.49,69.87,11,1007,81,11,11
60.65,88.25,0.38,1009.92,94,0.38,0.38
25.87,40.23,25.24,1013,78,25,26
37.64,49.10,28.23,1011,74,26,31
94.47,51.87,12.28,1012.71,68,12.28,12.28
87.83,83.84,0.38,1011.81,94,0.38,0.38
65.10,54.52,15.28,1012.93,72,15.28,15.28
88.73,55.12,12.38,1011.93,87,12.38,12.38
37.90,13.97,18.88,1014.13,94,18.88,18.88
51.13,64.24,28.23,1011,74,26,31
76.29,56.28,12.18,1007.69,97,12.18,12.18
52.49,92.40,28.23,1011,74,26,31
49.42,44.80,28.23,1011,74,26,31
15.59,20.40,37.08,1007.61,7,37.08,37.08
53.85,76.10,-0.22,1003.75,94,-0.22,-0.22
72.23,51.86,18.88,1009.71,47,18.88,18.88
42.98,30.13,32.88,1005.21,14,32.88,32.88
71.38,84.45,28.23,1011,74,26,31
12.60,61.37,9.98,1005.35,76,9.98,9.98
29.84,45.18,25.38,1012.9,47,25.38,25.38
58.55,72.91,0.28,1000.35,82,0.28,0.28
67.13,89.89,0.38,1008.61,95,0.38,0.38
73.45,46.75,28.23,1011,74,26,31
46.39,48.27,26.88,1016.08,37,26.88,26.88
96.58,19.69,28.23,1011,74,26,31
42.13,55.61,28.23,1011,74,26,31
97.32,82.73,28.23,1011,74,26,31
95.77,80.33,28.23,1011,74,26,31
34.61,38.24,21.07,1013,73,21,21.11
33.28,66.15,8.38,1005.09,99,8.38,8.38
71.22,96.65,28.23,1011,74,26,31
89.64,30.81,10.58,1003.2,36,10.58,10.58
85.62,91.91,28.23,1011,74,26,31
50.99,94.41,28.23,1011,74,26,31
61.32,82.61,28.23,1011,74,26,31
45.33,65.44,28.23,1011,74,26,31
85.36,53.10,28.23,1011,74,26,31
70.54,37.80,25,1007,41,25,25
83.56,29.37,28.23,1011,74,26,31
90.35,93.16,28.23,1011,74,26,31
34.56,64.95,14.88,1004.54,89,14.88,14.88
74.53,71.10,28.23,1011,74,26,31
86.55,86.54,0.38,1010.35,87,0.38,0.38
70.41,74.67,-0.02,1000.18,97,-0.02,-0.02
12.39,48.98,28.23,1011,74,26,31
11.73,79.29,28.23,1011,74,26,31
94.31,78.67,0.48,1014.52,86,0.48,0.48
14.81,18.33,36.68,1005.69,9,36.68,36.68
38.85,60.10,28.23,1011,74,26,31
10.39,61.69,28.23,1011,74,26,31
97.33,96.30,28.23,1011,74,26,31
22.17,49.34,28.23,1011,74,26,31
15.25,97.40,28.23,1011,74,26,31
96.35,76.41,3.28,1014.51,73,3.28,3.28
90.27,58.60,13.28,1012.89,72,13.28,13.28
86.53,16.96,28.88,1003.38,79,28.88,28.88
77.16,97.62,28.23,1011,74,26,31
59.71,26.57,29.28,1001.59,50,29.28,29.28
94.57,46.64,23.48,1008.16,42,23.48,23.48
16.21,56.25,17.78,1014,52,16,19
33.96,95.69,28.23,1011,74,26,31
84.42,33.55,3.88,1009.56,64,3.88,3.88
66.34,77.20,-0.12,1003.9,93,-0.12,-0.12
48.41,55.46,19,1018,63,19,19
27.98,15.73,34.78,1005.55,8,34.78,34.78
27.54,33.49,25.48,1011.19,78,25.48,25.48
52.46,44.98,28.78,1009.77,30,28.78,28.78
18.21,63.64,17,1003,67,17,17
44.60,44.77,28.23,1011,74,26,31
30.42,21.42,37.58,1005.85,11,37.58,37.58
30.15,67.35,11.11,1004,91,11.11,11.11
57.82,97.62,28.23,1011,74,26,31
90.67,96.29,28.23,1011,74,26,31
48.62,17.36,34.68,1004.07,10,34.68,34.68
24.22,16.85,28.23,1011,74,26,31
23.20,35.16,27.22,1014,60,27.22,27.22
10.85,37.13,28.23,1011,74,26,31
97.30,86.28,0.28,1010.29,96,0.28,0.28
85.52,96.70,28.23,1011,74,26,31
41.56,97.82,28.23,1011,74,26,31
44.50,79.27,28.23,1011,74,26,31
92.82,84.99,0.38,1010.72,96,0.38,0.38
81.39,58.98,13.48,1006.34,93,13.48,13.48
10.46,83.28,28.23,1011,74,26,31
32.50,90.17,28.23,1011,74,26,31
27.26,79.29,2.38,1013.87,77,2.38,2.38
39.90,43.19,24.27,1009,83,21.11,26
96.49,78.85,-0.72,1014.69,84,-0.72,-0.72
42.13,58.81,16.98,1014.92,89,16.98,16.98
35.26,71.21,28.23,1011,74,26,31
98.35,50.37,7.78,1013.57,88,7.78,7.78
75.31,22.74,28.23,1011,74,26,31
92.56,75.57,28.23,1011,74,26,31
12.50,55.52,16.43,1018,59,15,18.33
70.68,48.47,19.48,1010.2,44,19.48,19.48
39.99,53.41,28.23,1011,74,26,31
22.55,77.94,5.08,1014.15,67,5.08,5.08
76.48,39.62,28.23,1011,74,26,31
13.50,34.64,28.23,1011,74,26,31
41.39,31.77,28.23,1011,74,26,31
69.98,66.67,28.23,1011,74,26,31
62.68,13.22,27.88,1008.2,82,27.88,27.88
82.73,46.68,28.23,1011,74,26,31
43.54,25.84,28.23,1011,74,26,31
86.71,56.13,13.28,1011.82,85,13.28,13.28
91.20,15.71,28.23,1011,74,26,31
18.41,87.43,0.38,1008.4,95,0.38,0.38
25.10,22.20,28.23,1011,74,26,31
73.26,71.54,28.23,1011,74,26,31
67.90,73.55,28.23,1011,74,26,31
91.68,41.74,22.98,1006.61,47,22.98,22.98
96.73,38.25,28.23,1011,74,26,31
20.97,55.82,28.23,1011,74,26,31
71.38,84.24,0.45,1010.27,96,0.45,0.45
98.95,70.17,28.23,1011,74,26,31
67.51,16.93,27.95,1004.02,86,27.95,27.95
22.12,60.48,17.7,1009,52,16.11,19
96.46,93.20,28.23,1011,74,26,31
36.44,51.51,28.23,1011,74,26,31
29.61,62.23,20.94,1006,57,18,24
31.20,20.56,34.95,1005.72,10,34.95,34.95
83.63,20.47,28.23,1011,74,26,31
22.61,33.68,28.23,1011,74,26,31
33.31,14.17,28.23,1011,74,26,31
88.37,77.47,28.23,1011,74,26,31
56.65,29.80,30,1014,7,30,30
33.48,59.77,18.33,1007,84,18.33,18.33
23.11,44.72,18.05,1015.92,81,18.05,18.05
34.36,65.90,10.05,1004.44,99,10.05,10.05
81.17,57.43,13.05,1007.22,93,13.05,13.05
31.17,87.77,28.23,1011,74,26,31
94.55,88.36,0.35,1010.06,84,0.35,0.35
41.55,69.23,3.25,1011.98,87,3.25,3.25
79.53,86.62,0.35,1009.64,87,0.35,0.35
11.22,35.59,28.23,1011,74,26,31
46.59,82.48,0.75,1009.92,90,0.75,0.75
13.64,20.68,34.85,1008.46,9,34.85,34.85
97.50,48.51,8.65,1010.48,87,8.65,8.65
30.81,90.82,28.23,1011,74,26,31
15.76,85.66,0.45,1008.48,95,0.45,0.45
10.68,67.77,28.23,1011,74,26,31
18.24,28.32,27.95,1015.14,27,27.95,27.95
34.14,88.39,0.35,1009.19,96,0.35,0.35
48.73,36.77,13.75,1011.72,62,13.75,13.75
73.84,33.38,27.25,1002.16,42,27.25,27.25
20.32,98.82,28.23,1011,74,26,31
20.85,88.65,0.35,1008.81,95,0.35,0.35
38.63,59.15,23,1012,64,23,23
59.45,83.96,0.15,1009.57,97,0.15,0.15
78.20,56.77,28.23,1011,74,26,31
11.73,69.24,9.35,1003.29,97,9.35,9.35
86.43,60.98,28.23,1011,74,26,31
39.45,76.61,-0.05,1011.34,94,-0.05,-0.05
92.41,27.90,3.95,1011.43,95,3.95,3.95
27.39,70.52,7.95,1008.98,63,7.95,7.95
32.43,89.98,28.23,1011,74,26,31
91.19,84.53,0.55,1011.09,96,0.55,0.55
76.59,24.76,28.23,1011,74,26,31
86.81,25.79,28.23,1011,74,26,31
48.11,17.35,32.95,1003.88,11,32.95,32.95
29.98,35.63,26.15,1008.48,75,26.15,26.15
85.18,69.14,12.95,1000.22,67,12.95,12.95
67.76,54.73,11.25,1012.52,88,11.25,11.25
53.60,94.71,28.23,1011,74,26,31
59.51,76.34,28.23,1011,74,26,31
63.75,35.36,23.55,1008.97,16,23.55,23.55
39.61,83.36,0.65,1009.84,95,0.65,0.65
39.59,70.53,3.45,1011.7,87,3.45,3.45
14.28,56.83,28.23,1011,74,26,31
31.30,31.20,28.23,1011,74,26,31
23.57,28.44,28.23,1011,74,26,31
70.16,93.68,28.23,1011,74,26,31
51.64,36.47,28.23,1011,74,26,31
58.36,25.68,28.23,1011,74,26,31
58.50,58.88,5,1015,94,5,5
75.71,13.27,28.23,1011,74,26,31
58.13,95.10,28.23,1011,74,26,31
11.40,25.52,34.55,1012.97,8,34.55,34.55
58.38,56.22,9.05,1019.56,68,9.05,9.05
28.62,20.40,33.45,1007.3,15,33.45,33.45
97.79,66.68,28.23,1011,74,26,31
91.32,94.52,28.23,1011,74,26,31
63.52,26.21,28.23,1011,74,26,31
96.76,27.40,28.23,1011,74,26,31
80.99,56.72,14.85,1007.57,83,14.85,14.85
87.16,36.23,28.23,1011,74,26,31
22.50,79.71,28.23,1011,74,26,31
51.74,79.95,-0.55,1009.47,90,-0.55,-0.55
25.94,83.21,28.23,1011,74,26,31
32.15,44.92,25.65,1012.2,68,25.65,25.65
47.33,56.38,19,1018,68,19,19
86.38,86.55,28.23,1011,74,26,31
50.20,45.70,28.23,1011,74,26,31
20.41,99.92,28.23,1011,74,26,31
32.17,12.31,32.75,1007.83,42,32.75,32.75
19.61,85.37,28.23,1011,74,26,31
63.14,10.95,28.23,1011,74,26,31
90.55,74.42,28.23,1011,74,26,31
23.38,20.63,31.25,1009.42,16,31.25,31.25
66.98,94.40,28.23,1011,74,26,31
61.46,78.40,-0.55,1006.63,94,-0.55,-0.55
38.90,87.82,0.35,1009.35,95,0.35,0.35
52.65,67.49,1.55,1011.96,90,1.55,1.55
63.17,22.33,28.23,1011,74,26,31
56.98,80.21,28.23,1011,74,26,31
66.54,37.31,28,1004,20,28,28
32.37,48.24,25,1014,44,25,25
46.59,83.89,0.85,1009.35,92,0.85,0.85
58.21,56.43,9.05,1019.56,68,9.05,9.05
29.60,76.11,1.15,1014.27,82,1.15,1.15
64.74,29.87,29.05,999.33,12,29.05,29.05
89.21,66.65,13.15,1006.19,61,13.15,13.15
51.85,77.21,-0.75,1006.36,94,-0.75,-0.75
42.13,94.95,28.23,1011,74,26,31
13.69,93.18,28.23,1011,74,26,31
47.82,22.78,28.23,1011,74,26,31
23.67,98.68,28.23,1011,74,26,31
12.96,94.52,28.23,1011,74,26,31
10.63,80.94,1.05,1011.83,98,1.05,1.05
30.14,28.24,26.85,1011.85,41,26.85,26.85
83.41,14.33,29.65,1001.71,76,29.65,29.65
73.82,13.24,28.23,1011,74,26,31
26.67,98.33,28.23,1011,74,26,31
96.41,60.83,28.23,1011,74,26,31
19.40,76.49,2.35,1014.48,78,2.35,2.35
64.86,23.85,28.75,1002.74,83,28.75,28.75
15.67,23.65,31.65,1011.34,12,31.65,31.65
36.45,32.63,28.23,1011,74,26,31
47.79,63.61,11.75,1011.44,80,11.75,11.75
51.71,69.32,28.23,1011,74,26,31
28.43,74.29,28.23,1011,74,26,31
41.15,95.50,28.23,1011,74,26,31
52.25,76.18,28.23,1011,74,26,31
21.44,56.95,28.23,1011,74,26,31
65.60,48.38,20.95,1011.6,36,20.95,20.95
80.69,35.36,-14.05,1016.58,85,-14.05,-14.05
83.98,47.57,28.23,1011,74,26,31
36.84,61.97,16.95,1008.84,81,16.95,16.95
77.69,30.67,14.85,1008.07,53,14.85,14.85
36.39,73.71,1.65,1012.45,87,1.65,1.65
92.14,32.61,2.55,1008.61,82,2.55,2.55
64.80,55.89,28.23,1011,74,26,31
99.50,66.18,7.95,1016.8,57,7.95,7.95
42.59,24.40,28.23,1011,74,26,31
68.83,52.61,28.23,1011,74,26,31
30.34,24.73,30.05,1010.13,20,30.05,30.05
72.93,26.90,28.23,1011,74,26,31
32.77,62.18,16.55,1006.51,95,16.55,16.55
49.59,13.38,30.05,1003.18,80,30.05,30.05
67.37,95.84,28.23,1011,74,26,31
11.59,86.68,0.65,1008.48,89,0.65,0.65
41.75,95.52,28.23,1011,74,26,31
59.99,97.81,28.23,1011,74,26,31
50.30,75.88,28.23,1011,74,26,31
74.74,86.46,28.23,1011,74,26,31
70.25,49.22,16.25,1010.51,50,16.25,16.25
72.44,30.60,28.23,1011,74,26,31
69.16,38.28,28.23,1011,74,26,31
25.79,92.66,28.23,1011,74,26,31
74.60,56.64,28.23,1011,74,26,31
64.72,82.89,-0.35,1010.46,89,-0.35,-0.35
53.98,51.58,18.35,1017.59,82,18.35,18.35
67.43,36.37,28.23,1011,74,26,31
59.19,91.17,28.23,1011,74,26,31
23.10,45.67,16.85,1015.99,93,16.85,16.85
73.77,72.56,0.05,1001.09,92,0.05,0.05
47.11,23.63,28.23,1011,74,26,31
73.84,43.26,28.23,1011,74,26,31
51.72,86.67,28.23,1011,74,26,31
59.87,88.91,0.35,1009.49,94,0.35,0.35
78.41,43.79,20.15,1008.19,33,20.15,20.15
33.70,85.90,0.55,1009.02,91,0.55,0.55
28.59,89.34,28.23,1011,74,26,31
91.59,87.80,0.55,1010.03,83,0.55,0.55
53.62,91.91,28.23,1011,74,26,31
15.94,10.72,28.23,1011,74,26,31
12.96,77.10,5.95,1014.48,87,5.95,5.95
40.21,12.22,29.95,1010.01,26,29.95,29.95
80.57,90.27,28.23,1011,74,26,31
83.54,31.19,0.15,1012.16,56,0.15,0.15
43.66,45.87,24.65,1013.15,32,24.65,24.65
65.22,66.87,1.15,1006.83,99,1.15,1.15
78.64,21.96,27.45,999.46,60,27.45,27.45
30.87,97.32,28.23,1011,74,26,31
49.61,36.70,25.03,1010,49,23,27
90.70,38.36,5.75,1011.61,66,5.75,5.75
84.84,81.99,0.15,1013.4,91,0.15,0.15
31.38,22.67,28.23,1011,74,26,31
20.93,33.11,24.65,1015.7,84,24.65,24.65
18.47,18.61,35.55,1006.78,14,35.55,35.55
77.23,15.86,24.95,1005.39,84,24.95,24.95
20.53,76.55,2.25,1014.32,80,2.25,2.25
18.49,62.20,20.2,1003,37,19.44,21
40.39,41.61,25.25,1010.71,72,25.25,25.25
11.52,84.68,0.45,1008.52,92,0.45,0.45
92.87,74.49,5.55,1011.95,76,5.55,5.55
19.62,90.93,28.23,1011,74,26,31
21.35,21.62,31.95,1010.48,12,31.95,31.95
76.52,37.70,17.55,1010.84,48,17.55,17.55
81.23,17.52,26.55,1001.14,84,26.55,26.55
27.53,92.28,28.23,1011,74,26,31
39.63,42.53,25.85,1009.39,70,25.85,25.85
20.43,26.76,30.15,1012.74,15,30.15,30.15
51.51,64.77,28.23,1011,74,26,31
86.79,53.51,11.85,1010.62,88,11.85,11.85
77.42,58.23,28.23,1011,74,26,31
64.69,62.56,3.15,1012.36,87,3.15,3.15
91.93,10.51,29.15,1004.74,80,29.15,29.15
76.33,66.55,7.85,995.18,89,7.85,7.85
51.40,72.34,28.23,1011,74,26,31
10.86,76.59,28.23,1011,74,26,31
68.90,66.97,3.35,1005.17,78,3.35,3.35
61.71,95.42,28.23,1011,74,26,31
58.76,13.99,27.35,1005.15,84,27.35,27.35
85.75,99.21,28.23,1011,74,26,31
88.39,86.73,28.23,1011,74,26,31
77.78,24.17,29.15,1000.47,60,29.15,29.15
33.20,97.53,28.23,1011,74,26,31
91.59,67.66,28.23,1011,74,26,31
27.19,72.82,28.23,1011,74,26,31
56.63,92.62,28.23,1011,74,26,31
82.74,78.64,28.23,1011,74,26,31
97.32,38.39,2.55,1011.64,87,2.55,2.55
81.44,56.11,28.23,1011,74,26,31
33.91,72.68,2.75,1013.39,83,2.75,2.75
62.85,34.29,24,1012,18,24,24
67.92,40.27,28.23,1011,74,26,31
53.89,54.74,28.23,1011,74,26,31
71.78,10.36,28.23,1011,74,26,31
66.47,98.11,28.23,1011,74,26,31
39.37,14.52,28.23,1011,74,26,31
80.61,34.92,-0.45,1016.35,50,-0.45,-0.45
98.39,36.33,13.95,1009.66,46,13.95,13.95
87.61,27.68,28.23,1011,74,26,31
83.98,10.23,29.15,1003.59,82,29.15,29.15
12.50,20.32,28.23,1011,74,26,31
29.50,41.23,28.23,1011,74,26,31
84.90,90.60,28.23,1011,74,26,31
51.23,78.80,28.23,1011,74,26,31
96.62,91.41,28.23,1011,74,26,31
82.14,53.35,13.75,1009.46,73,13.75,13.75
55.37,47.48,26.45,1011.64,30,26.45,26.45
99.28,64.85,28.23,1011,74,26,31
70.94,33.33,28.23,1011,74,26,31
11.22,90.45,28.23,1011,74,26,31
93.88,28.61,28.23,1011,74,26,31
14.45,42.94,25.83,1013,82,25.56,26.11
33.35,11.36,29.45,1009.41,58,29.45,29.45
13.64,37.49,28.23,1011,74,26,31
27.18,48.79,21.11,1012,86,21.11,21.11
59.37,14.77,27.65,1004.77,82,27.65,27.65
79.32,21.79,28.23,1011,74,26,31
51.37,94.46,28.23,1011,74,26,31
49.82,30.37,34,1000,21,34,34
57.11,69.45,28.23,1011,74,26,31
12.35,32.23,32.95,1014.3,19,32.95,32.95
67.56,95.62,28.23,1011,74,26,31
21.56,25.33,31.25,1012.1,14,31.25,31.25
23.82,34.70,27.22,1014,60,27.22,27.22
74.73,63.68,5.85,999.5,89,5.85,5.85
13.94,75.65,6.45,1014.65,79,6.45,6.45
25.65,28.15,29.65,1012.07,19,29.65,29.65
58.92,68.77,1.45,1006.76,96,1.45,1.45
72.35,32.39,29.75,998.71,41,29.75,29.75
55.16,84.41,0.15,1009.24,96,0.15,0.15
27.92,39.10,23.93,1013,64,23.89,24
16.97,30.23,25.25,1015.64,40,25.25,25.25
42.58,56.31,17.85,1016.96,86,17.85,17.85
65.97,72.78,-0.15,998.71,97,-0.15,-0.15
56.52,27.72,33,1000,70,33,33
47.34,36.85,13.35,1011.84,74,13.35,13.35
26.22,96.49,28.23,1011,74,26,31
66.56,62.34,4.55,1011.07,68,4.55,4.55
28.51,94.53,28.23,1011,74,26,31
50.10,18.13,30.25,1003.2,10,30.25,30.25
17.85,51.67,16.85,1018.44,92,16.85,16.85
50.22,59.40,12.15,1017.48,62,12.15,12.15
17.18,93.91,28.23,1011,74,26,31
81.27,84.86,28.23,1011,74,26,31
65.81,19.61,28.23,1011,74,26,31
48.18,60.75,12.95,1014.74,63,12.95,12.95
61.49,75.57,-1.95,1000.6,87,-1.95,-1.95
40.48,90.60,28.23,1011,74,26,31
86.60,79.88,0.35,1013.46,89,0.35,0.35
74.11,89.17,0.35,1009.32,95,0.35,0.35
63.31,86.77,28.23,1011,74,26,31
80.96,39.51,28.23,1011,74,26,31
34.39,58.95,17.15,1010.83,98,17.15,17.15
21.77,21.87,30.65,1010.52,11,30.65,30.65
40.54,34.84,30.35,1004.76,33,30.35,30.35
31.65,34.63,24.95,1008.13,82,24.95,24.95
73.16,39.33,28.23,1011,74,26,31
93.27,86.16,0.25,1009.85,96,0.25,0.25
44.20,14.66,28.23,1011,74,26,31
99.27,68.48,28.23,1011,74,26,31
46.81,18.72,28.23,1011,74,26,31
42.60,25.25,28.23,1011,74,26,31
93.38,94.44,28.23,1011,74,26,31
37.94,38.39,28.23,1011,74,26,31
97.18,59.84,9.45,1015.13,89,9.45,9.45
48.71,98.63,28.23,1011,74,26,31
43.33,94.99,28.23,1011,74,26,31
70.22,63.64,28.23,1011,74,26,31
69.18,30.25,28.23,1011,74,26,31
94.41,49.17,28.23,1011,74,26,31
87.54,53.81,28.23,1011,74,26,31
28.42,14.87,28.23,1011,74,26,31
93.34,11.39,28.85,1004.87,82,28.85,28.85
53.71,29.62,28.23,1011,74,26,31
77.11,48.68,15.25,1009.29,58,15.25,15.25
86.13,81.66,28.23,1011,74,26,31
36.71,91.55,28.23,1011,74,26,31
68.38,29.13,28.23,1011,74,26,31
30.83,21.88,28.23,1011,74,26,31
84.37,58.67,28.23,1011,74,26,31
59.63,21.75,26.95,1001.25,86,26.95,26.95
56.61,96.38,28.23,1011,74,26,31
46.20,82.22,28.23,1011,74,26,31
75.79,54.40,28.23,1011,74,26,31
93.80,20.62,28.23,1011,74,26,31
80.17,56.99,28.23,1011,74,26,31
10.17,23.21,34.05,1011.49,14,34.05,34.05
90.37,93.46,28.23,1011,74,26,31
67.58,71.54,-0.75,999.99,93,-0.75,-0.75
29.93,36.70,28.23,1011,74,26,31
86.76,42.90,28.23,1011,74,26,31
77.95,69.89,3.65,998.42,86,3.65,3.65
72.30,93.14,28.23,1011,74,26,31
11.44,24.39,33.95,1012.93,7,33.95,33.95
84.20,67.68,13.85,997.28,79,13.85,13.85
33.65,93.91,28.23,1011,74,26,31
92.71,57.15,11.25,1013.29,86,11.25,11.25
69.51,52.77,12.85,1011.46,92,12.85,12.85
62.70,66.92,3.45,1008.08,92,3.45,3.45
99.99,27.23,12.55,1010.71,95,12.55,12.55
91.50,77.94,1.05,1013.28,83,1.05,1.05
10.49,16.46,37.65,1008.48,13,37.65,37.65
38.14,26.57,37,1009,7,37,37
14.41,84.27,0.55,1008.88,94,0.55,0.55
38.61,71.72,2.25,1011.87,84,2.25,2.25
65.73,86.20,0.05,1009.39,94,0.05,0.05
97.15,37.58,8.85,1009.67,49,8.85,8.85
69.13,81.64,28.23,1011,74,26,31
44.37,45.20,28.23,1011,74,26,31
67.65,96.12,28.23,1011,74,26,31
10.18,71.12,28.23,1011,74,26,31
38.45,59.71,23,1012,64,23,23
78.72,15.73,24.15,1004.06,85,24.15,24.15
78.14,76.48,1.05,1006.82,92,1.05,1.05
50.28,74.33,28.23,1011,74,26,31
78.80,75.34,28.23,1011,74,26,31
86.74,49.28,28.23,1011,74,26,31
32.23,58.86,17.65,1010.72,98,17.65,17.65
80.83,83.23,28.23,1011,74,26,31
52.54,52.20,28.23,1011,74,26,31
88.97,96.75,28.23,1011,74,26,31
51.11,64.65,28.23,1011,74,26,31
62.66,72.81,28.23,1011,74,26,31
52.37,96.26,28.23,1011,74,26,31
48.65,12.85,30.15,1002.78,80,30.15,30.15
66.83,65.85,28.23,1011,74,26,31
48.73,19.70,33.25,1002.83,6,33.25,33.25
84.49,40.83,28.23,1011,74,26,31
31.49,99.53,28.23,1011,74,26,31
43.88,49.46,22.05,1018.14,56,22.05,22.05
71.45,26.60,31.55,999.32,56,31.55,31.55
16.54,50.14,28.23,1011,74,26,31
58.95,95.99,28.23,1011,74,26,31
50.42,37.78,28.23,1011,74,26,31
87.25,52.19,10.55,1011.11,93,10.55,10.55
94.38,98.88,28.23,1011,74,26,31
56.57,41.14,28.23,1011,74,26,31
95.75,86.67,28.23,1011,74,26,31
16.84,84.37,0.55,1009,93,0.55,0.55
15.88,43.46,26.37,1014,61,26,26.67
25.72,69.16,6.65,1006.45,91,6.65,6.65
10.42,90.81,28.23,1011,74,26,31
84.96,88.95,28.23,1011,74,26,31
54.41,74.52,28.23,1011,74,26,31
25.70,49.49,28.23,1011,74,26,31
33.44,37.17,20.05,1009.49,56,20.05,20.05
61.26,43.74,27.45,1009.74,19,27.45,27.45
64.53,89.79,0.35,1008.84,96,0.35,0.35
71.69,15.60,27.75,1004.18,82,27.75,27.75
72.63,49.57,28.23,1011,74,26,31
16.24,81.38,28.23,1011,74,26,31
38.61,54.29,19.45,1017.44,76,19.45,19.45
18.48,49.78,18.81,1017,77,16.67,20.56
79.88,41.79,28.23,1011,74,26,31
15.94,21.63,28.23,1011,74,26,31
84.10,48.19,15.45,1011.72,51,15.45,15.45
75.33,26.89,28.23,1011,74,26,31
66.68,56.43,28.23,1011,74,26,31
17.83,35.12,25.35,1015.99,74,25.35,25.35
44.52,12.22,28.23,1011,74,26,31
82.82,59.74,28.23,1011,74,26,31
12.88,89.23,28.23,1011,74,26,31
78.82,85.35,28.23,1011,74,26,31
22.85,25.21,28.23,1011,74,26,31
52.21,62.93,28.23,1011,74,26,31
22.61,81.74,1.05,1011.71,97,1.05,1.05
16.47,36.98,25.45,1015.65,68,25.45,25.45
31.89,44.42,25.45,1011.98,71,25.45,25.45
32.25,94.39,28.23,1011,74,26,31
83.50,88.38,0.45,1009.93,86,0.45,0.45
25.49,82.28,0.85,1011.25,98,0.85,0.85
23.25,48.56,19.44,1016,89,19.44,19.44
24.50,48.51,19,1016,82,19,19
63.12,12.51,27.95,1006.78,79,27.95,27.95
45.77,12.73,30.95,1004.62,68,30.95,30.95
99.15,89.41,0.35,1009.46,94,0.35,0.35
35.64,13.46,24.45,1010.32,73,24.45,24.45
21.43,42.22,22.25,1016,64,21,24
90.79,17.93,29.15,1002.34,76,29.15,29.15
24.77,94.77,28.23,1011,74,26,31
92.61,29.76,3.65,1013.92,84,3.65,3.65
30.55,43.87,25.75,1012.03,70,25.75,25.75
42.96,65.54,10.15,1007.95,98,10.15,10.15
82.44,39.52,25.25,1003.38,37,25.25,25.25
14.36,93.47,28.23,1011,74,26,31
91.36,61.53,28.23,1011,74,26,31
31.46,88.57,28.23,1011,74,26,31
66.51,93.87,28.23,1011,74,26,31
29.71,73.92,28.23,1011,74,26,31
97.72,58.81,11.95,1014.56,73,11.95,11.95
19.98,73.33,28.23,1011,74,26,31
54.55,64.30,28.23,1011,74,26,31
95.57,14.15,28.23,1011,74,26,31
87.56,45.81,23.55,1007.53,22,23.55,23.55
69.17,86.44,0.05,1009.43,94,0.05,0.05
68.14,88.37,28.23,1011,74,26,31
30.22,36.98,28.23,1011,74,26,31
29.32,91.76,28.23,1011,74,26,31
44.26,18.57,28.23,1011,74,26,31
12.78,10.96,28.23,1011,74,26,31
44.34,72.24,1.85,1009.46,86,1.85,1.85
68.77,26.34,32,1000,55,32,32
18.79,37.85,28.23,1011,74,26,31
83.45,12.12,28.23,1011,74,26,31
80.48,50.55,18,1009,72,18,18
88.62,93.60,28.23,1011,74,26,31
89.13,40.68,28.23,1011,74,26,31
25.59,75.54,0.95,1014.59,83,0.95,0.95
89.47,71.61,28.23,1011,74,26,31
72.64,79.60,28.23,1011,74,26,31
37.75,70.82,28.23,1011,74,26,31
15.93,31.99,24.95,1016.16,72,24.95,24.95
83.43,19.46,21.65,1001.84,91,21.65,21.65
68.46,59.46,28.23,1011,74,26,31
83.85,15.18,29.85,1001.45,75,29.85,29.85
43.60,50.43,20.25,1018.77,65,20.25,20.25
19.11,18.55,28.23,1011,74,26,31
31.61,32.59,28.23,1011,74,26,31
64.99,40.60,24,1007,25,24,24
83.68,88.21,28.23,1011,74,26,31
47.41,60.92,28.23,1011,74,26,31
62.94,51.45,18.35,1013.41,78,18.35,18.35
49.60,19.46,28.23,1011,74,26,31
58.51,63.97,28.23,1011,74,26,31
98.24,40.85,16.55,1009.1,67,16.55,16.55
44.44,20.19,28.23,1011,74,26,31
90.62,57.84,28.23,1011,74,26,31
30.47,18.35,35.75,1005.31,8,35.75,35.75
50.12,25.32,28.23,1011,74,26,31
33.85,89.14,28.23,1011,74,26,31
14.57,89.78,28.23,1011,74,26,31
10.77,90.84,28.23,1011,74,26,31
36.86,42.91,28.23,1011,74,26,31
32.83,81.88,28.23,1011,74,26,31
14.66,95.87,28.23,1011,74,26,31
36.29,68.95,4.75,1009.47,82,4.75,4.75
51.22,48.18,28.23,1011,74,26,31
23.76,14.87,32.55,1008.99,9,32.55,32.55
18.94,15.72,38.45,1005.75,12,38.45,38.45
55.90,91.34,28.23,1011,74,26,31
55.36,65.99,28.23,1011,74,26,31
43.50,49.76,20.75,1018.43,62,20.75,20.75
58.98,56.96,6.75,1019.34,73,6.75,6.75
32.89,29.61,24.85,1011.92,56,24.85,24.85
63.77,17.80,28.55,1003.59,83,28.55,28.55
87.85,70.51,9.45,1004.66,70,9.45,9.45
68.16,22.37,28.55,1002.24,83,28.55,28.55
16.34,16.74,36.05,1006.46,15,36.05,36.05
94.94,70.43,11.15,1011.51,48,11.15,11.15
68.27,28.95,36.35,1002.91,35,36.35,36.35
14.62,16.74,35.15,1007.2,19,35.15,35.15
50.58,67.52,1.25,1012.23,89,1.25,1.25
48.30,73.23,28.23,1011,74,26,31
60.52,19.54,28.23,1011,74,26,31
29.48,18.40,34.25,1005.85,11,34.25,34.25
34.58,76.91,0.75,1013.22,89,0.75,0.75
48.23,27.93,31.35,1001.94,12,31.35,31.35
27.66,38.80,23.92,1016,77,18,26.11
17.53,85.28,0.35,1008.59,95,0.35,0.35
11.12,40.38,22.95,1013.79,81,22.95,22.95
73.48,71.72,28.23,1011,74,26,31
99.71,34.81,28.23,1011,74,26,31
45.57,90.89,28.23,1011,74,26,31
83.64,60.69,28.23,1011,74,26,31
68.23,44.52,25.45,1008.32,28,25.45,25.45
95.68,65.59,28.23,1011,74,26,31
72.99,22.26,28.23,1011,74,26,31
23.20,66.26,28.23,1011,74,26,31
41.44,13.38,28.23,1011,74,26,31
52.64,50.40,21.35,1016.6,68,21.35,21.35
63.18,69.73,28.23,1011,74,26,31
48.27,72.62,28.23,1011,74,26,31
32.30,52.28,20.25,1016.35,80,20.25,20.25
66.40,35.80,20.55,1009.42,20,20.55,20.55
89.37,61.79,28.23,1011,74,26,31
63.12,11.40,28.23,1011,74,26,31
18.33,50.12,19.51,1017,77,16.67,21.67
35.21,97.52,28.23,1011,74,26,31
33.32,20.14,36.35,1005.18,7,36.35,36.35
35.18,53.89,18.65,1016.95,89,18.65,18.65
86.58,79.73,0.35,1013.46,89,0.35,0.35
99.93,18.92,21.75,1006.41,89,21.75,21.75
10.28,32.75,28.23,1011,74,26,31
92.84,62.96,28.23,1011,74,26,31
58.40,34.89,30,1010,17,30,30
71.94,41.96,5.05,1008.72,77,5.05,5.05
57.14,48.16,28.23,1011,74,26,31
22.41,32.88,24.55,1014.77,83,24.55,24.55
98.12,63.35,28.23,1011,74,26,31
69.83,33.61,28.23,1011,74,26,31
37.15,62.97,18.15,1007.07,75,18.15,18.15
61.29,43.91,28.23,1011,74,26,31
52.24,95.62,28.23,1011,74,26,31
42.32,49.93,21.67,1005,69,21.67,21.67
78.19,60.23,28.23,1011,74,26,31
83.51,87.60,0.45,1009.94,83,0.45,0.45
26.44,60.93,28.23,1011,74,26,31
76.94,94.74,28.23,1011,74,26,31
68.55,75.28,0.05,1000.24,98,0.05,0.05
26.38,51.36,28.23,1011,74,26,31
44.77,22.51,28.23,1011,74,26,31
98.37,54.27,28.23,1011,74,26,31
77.55,49.67,28.23,1011,74,26,31
92.90,94.73,28.23,1011,74,26,31
56.21,67.81,28.23,1011,74,26,31
57.21,80.88,-0.65,1009.98,86,-0.65,-0.65
18.42,54.20,18.03,1018,82,17,18.89
42.32,32.21,27.75,1005.5,23,27.75,27.75
78.74,83.22,28.23,1011,74,26,31
81.29,54.94,13.05,1008.86,91,13.05,13.05
83.87,58.69,12.85,1007.15,89,12.85,12.85
75.96,42.86,17,1016,51,17,17
66.89,27.77,28.23,1011,74,26,31
70.15,36.97,20.15,1011.72,34,20.15,20.15
34.52,78.31,28.23,1011,74,26,31
75.39,57.20,10.85,1006.54,99,10.85,10.85
52.35,98.42,28.23,1011,74,26,31
63.54,72.87,-0.35,998.77,94,-0.35,-0.35
31.55,92.87,28.23,1011,74,26,31
97.62,63.24,8.45,1015.92,77,8.45,8.45
40.94,85.41,0.45,1009.09,95,0.45,0.45
33.48,36.58,18.75,1008.69,72,18.75,18.75
97.65,89.38,28.23,1011,74,26,31
94.49,48.41,20.65,1007.5,46,20.65,20.65
77.28,23.23,28.23,1011,74,26,31
36.49,63.86,19.55,1005.26,69,19.55,19.55
79.76,20.33,30.05,1000.21,57,30.05,30.05
69.12,12.60,28.23,1011,74,26,31
84.10,48.35,15.45,1011.72,51,15.45,15.45
87.40,25.23,30.45,999.69,70,30.45,30.45
21.69,26.44,28.23,1011,74,26,31
85.74,54.33,12.05,1010.37,86,12.05,12.05
92.18,52.26,10.75,1012.12,80,10.75,10.75
94.22,67.29,4.55,1013.35,71,4.55,4.55
35.43,46.81,23.55,1013.75,54,23.55,23.55
86.31,21.75,24.95,999.79,86,24.95,24.95
53.62,83.56,28.23,1011,74,26,31
63.81,46.80,28.23,1011,74,26,31
92.12,71.38,28.23,1011,74,26,31
84.62,66.77,14.15,998.37,86,14.15,14.15
71.93,21.90,28.23,1011,74,26,31
91.71,18.86,28.23,1011,74,26,31
66.28,49.18,28.23,1011,74,26,31
23.94,69.38,11,1006,93,11,11
71.17,69.22,1.65,1001.86,92,1.65,1.65
26.18,73.57,28.23,1011,74,26,31
81.55,31.47,-1.95,1015.63,73,-1.95,-1.95
53.46,98.58,28.23,1011,74,26,31
12.23,31.42,28.23,1011,74,26,31
20.84,81.45,28.23,1011,74,26,31
58.44,16.67,28.23,1011,74,26,31
65.98,11.86,28.23,1011,74,26,31
69.49,28.51,28.23,1011,74,26,31
10.70,58.40,28.23,1011,74,26,31
56.59,75.16,28.23,1011,74,26,31
10.20,38.38,23.55,1012.25,76,23.55,23.55
81.52,15.50,28.65,1001.76,82,28.65,28.65
25.17,72.72,4.75,1012.86,84,4.75,4.75
12.83,23.46,31.85,1012.66,9,31.85,31.85
12.94,38.73,25.32,1014,73,25,25.56
64.17,52.49,28.23,1011,74,26,31
91.26,71.10,28.23,1011,74,26,31
58.14,49.44,20.25,1013.96,53,20.25,20.25
99.98,29.33,28.23,1011,74,26,31
99.19,89.64,0.35,1008.84,96,0.35,0.35
68.65,85.92,0.15,1009.4,97,0.15,0.15
82.47,25.53,33.05,998.52,50,33.05,33.05
94.52,21.73,28.23,1011,74,26,31
25.17,68.37,8.75,1004.53,97,8.75,8.75
91.30,56.91,28.23,1011,74,26,31
86.31,24.13,27.65,999.83,80,27.65,27.65
57.23,57.27,28.23,1011,74,26,31
17.69,24.63,28.23,1011,74,26,31
80.93,34.65,28.23,1011,74,26,31
72.88,11.67,28.23,1011,74,26,31
44.85,35.45,28.23,1011,74,26,31
90.19,91.40,28.23,1011,74,26,31
42.23,70.60,28.23,1011,74,26,31
23.41,58.52,28.23,1011,74,26,31
64.70,64.27,28.23,1011,74,26,31
57.20,11.70,28.23,1011,74,26,31
13.39,83.50,28.23,1011,74,26,31
90.80,94.52,28.23,1011,74,26,31
70.94,96.54,28.23,1011,74,26,31
20.40,74.94,4.45,1014.95,84,4.45,4.45
12.88,69.19,9.45,1003.62,97,9.45,9.45
59.63,22.46,29.05,1000.89,64,29.05,29.05
34.93,44.26,26.55,1010.94,62,26.55,26.55
11.17,40.36,22.95,1013.79,81,22.95,22.95
93.50,41.67,28.23,1011,74,26,31
71.16,80.18,-0.55,1010.4,95,-0.55,-0.55
35.83,42.72,28.23,1011,74,26,31
40.55,45.74,23.15,1012.95,49,23.15,23.15
54.68,67.42,1.05,1011.63,93,1.05,1.05
32.67,25.36,36,1006,26,36,36
96.24,23.78,26.25,1004.97,85,26.25,26.25
91.71,67.92,7.75,1010.46,72,7.75,7.75
59.88,30.90,31.65,1002.08,13,31.65,31.65
64.34,83.21,0.25,1010.2,91,0.25,0.25
77.73,31.37,14.05,1010.89,51,14.05,14.05
36.50,20.47,32.45,1005.72,9,32.45,32.45
84.13,73.87,28.23,1011,74,26,31
44.63,79.34,-0.55,1010.19,97,-0.55,-0.55
98.44,50.35,6.95,1013.32,88,6.95,6.95
90.26,38.60,11.15,1011.58,55,11.15,11.15
93.32,89.66,0.35,1008.84,96,0.35,0.35
25.67,83.19,28.23,1011,74,26,31
37.66,42.63,28.23,1011,74,26,31
71.49,59.51,6.25,1008,97,6.25,6.25
48.79,47.81,27.85,1014.93,32,27.85,27.85
53.34,92.65,28.23,1011,74,26,31
91.38,56.32,11.65,1012.2,87,11.65,11.65
35.77,34.55,20.88,1007,78,15.56,24.44
71.38,63.23,6.35,1005.5,71,6.35,6.35
97.98,63.84,28.23,1011,74,26,31
98.95,70.96,13.05,1013.37,40,13.05,13.05
66.71,87.32,0.45,1009.68,83,0.45,0.45
90.47,81.67,28.23,1011,74,26,31
76.20,41.88,28.23,1011,74,26,31
38.71,28.81,28.23,1011,74,26,31
52.43,19.16,28.23,1011,74,26,31
61.53,49.20,28.23,1011,74,26,31
80.47,26.14,34.05,998,38,34.05,34.05
81.20,53.15,13.45,1009.02,77,13.45,13.45
91.32,24.77,27.75,1002.08,86,27.75,27.75
13.37,30.73,28.95,1015.87,20,28.95,28.95
66.98,46.54,28.23,1011,74,26,31
95.16,64.53,28.23,1011,74,26,31
33.58,60.61,17.05,1009.03,98,17.05,17.05
56.35,74.39,28.23,1011,74,26,31
82.25,14.20,28.23,1011,74,26,31
94.77,10.22,28.23,1011,74,26,31
47.91,60.75,28.23,1011,74,26,31
33.96,14.70,28.23,1011,74,26,31
17.96,85.42,0.35,1008.59,95,0.35,0.35
17.13,20.41,29.65,1010.87,15,29.65,29.65
45.18,54.63,28.23,1011,74,26,31
97.38,85.50,0.45,1010.67,95,0.45,0.45
10.67,33.42,28.23,1011,74,26,31
62.44,51.78,28.23,1011,74,26,31
45.26,64.16,11.25,1009.46,85,11.25,11.25
97.61,89.28,0.35,1009.45,94,0.35,0.35
98.62,92.21,28.23,1011,74,26,31
34.84,36.88,24.48,1008,88,23.89,25
56.90,63.58,28.23,1011,74,26,31
58.53,67.11,28.23,1011,74,26,31
41.84,64.97,13,1007,100,13,13
21.33,93.67,28.23,1011,74,26,31
96.11,29.67,4.65,1012.81,97,4.65,4.65
76.17,36.35,-0.85,1018.63,60,-0.85,-0.85
35.41,44.36,28.23,1011,74,26,31
33.57,43.64,28.23,1011,74,26,31
96.40,53.53,6.95,1013.36,80,6.95,6.95
57.66,26.24,28.23,1011,74,26,31
86.13,75.65,28.23,1011,74,26,31
31.35,33.68,28.23,1011,74,26,31
50.41,12.70,28.23,1011,74,26,31
43.17,74.23,1.55,1009.01,90,1.55,1.55
82.36,31.16,-0.85,1014.92,73,-0.85,-0.85
11.46,94.17,28.23,1011,74,26,31
67.72,47.27,21.15,1010.03,40,21.15,21.15
87.21,27.95,-6.25,1012.03,97,-6.25,-6.25
41.71,24.76,30.15,1007.81,11,30.15,30.15
16.17,95.60,28.23,1011,74,26,31
33.42,27.57,34,1006,21,34,34
68.65,30.63,28.23,1011,74,26,31
47.79,42.79,25.72,1012,44,25.56,26
73.42,48.14,28.23,1011,74,26,31
18.29,60.42,17.46,1010,42,16.67,18.33
99.73,54.95,11.25,1014.62,95,11.25,11.25
65.54,13.76,27.95,1005.3,81,27.95,27.95
44.96,54.50,19.05,1018.76,74,19.05,19.05
79.59,87.34,0.45,1009.78,85,0.45,0.45
73.39,53.41,16.35,1009.09,84,16.35,16.35
88.77,44.74,23.45,1008.41,30,23.45,23.45
99.12,88.31,28.23,1011,74,26,31
85.16,92.43,28.23,1011,74,26,31
36.71,12.34,20.85,1014.56,88,20.85,20.85
26.30,76.48,0.85,1014.5,84,0.85,0.85
74.45,25.97,30.95,1001.38,49,30.95,30.95
63.96,88.95,28.23,1011,74,26,31
70.10,32.17,28.23,1011,74,26,31
41.46,55.28,19.45,1017.21,75,19.45,19.45
64.65,94.22,28.23,1011,74,26,31
76.94,23.69,29.75,1000.84,60,29.75,29.75
53.98,41.85,30.65,1008.67,26,30.65,30.65
94.81,96.45,28.23,1011,74,26,31
52.26,25.91,32.05,999.57,66,32.05,32.05
12.75,25.49,32.35,1013.11,10,32.35,32.35
67.27,84.60,0.25,1009.64,98,0.25,0.25
40.82,77.31,-0.15,1010.84,93,-0.15,-0.15
27.73,76.70,28.23,1011,74,26,31
82.99,28.31,28.23,1011,74,26,31
42.98,18.69,28.23,1011,74,26,31
41.65,86.11,0.55,1009.21,94,0.55,0.55
61.89,29.71,28.23,1011,74,26,31
30.49,78.46,28.23,1011,74,26,31
30.37,52.76,21.09,1015,44,16.11,27
47.19,15.57,28.23,1011,74,26,31
72.60,96.22,28.23,1011,74,26,31
71.17,46.94,28.23,1011,74,26,31
24.74,59.98,28.23,1011,74,26,31
24.87,62.48,28.23,1011,74,26,31
24.96,33.49,28.23,1011,74,26,31
65.35,29.54,28.23,1011,74,26,31
68.26,13.39,28.23,1011,74,26,31
18.62,63.29,28.23,1011,74,26,31
74.82,12.12,28.23,1011,74,26,31
88.48,95.46,28.23,1011,74,26,31
99.75,92.83,28.23,1011,74,26,31
97.69,96.65,28.23,1011,74,26,31
89.39,29.62,28.23,1011,74,26,31
23.37,68.67,28.23,1011,74,26,31
48.38,47.88,28.23,1011,74,26,31
92.33,64.71,28.23,1011,74,26,31
34.25,47.84,28.23,1011,74,26,31
39.68,39.96,28.23,1011,74,26,31
28.66,47.70,28.23,1011,74,26,31
93.79,91.99,28.23,1011,74,26,31
20.31,48.41,17.05,1015.96,90,17.05,17.05
50.50,54.16,28.23,1011,74,26,31
23.27,29.95,28.23,1011,74,26,31
16.16,33.50,28.23,1011,74,26,31
10.98,65.68,28.23,1011,74,26,31
77.63,31.29,28.23,1011,74,26,31
79.30,57.57,28.23,1011,74,26,31
42.56,90.91,28.23,1011,74,26,31
62.47,34.52,28.23,1011,74,26,31
88.98,44.97,28.23,1011,74,26,31
59.28,30.11,28.23,1011,74,26,31
89.30,30.91,28.23,1011,74,26,31
74.52,88.94,28.23,1011,74,26,31
60.39,52.26,28.23,1011,74,26,31
96.94,42.87,28.23,1011,74,26,31
72.73,59.39,28.23,1011,74,26,31
44.89,86.79,0.45,1009.36,95,0.45,0.45
55.47,96.25,28.23,1011,74,26,31
11.35,32.86,28.23,1011,74,26,31
22.31,45.39,28.23,1011,74,26,31
53.24,91.17,28.23,1011,74,26,31
20.74,60.98,28.23,1011,74,26,31
83.53,36.15,28.23,1011,74,26,31
58.22,46.43,27.35,1011.01,25,27.35,27.35
29.95,69.47,28.23,1011,74,26,31
41.75,60.59,28.23,1011,74,26,31
32.65,69.71,28.23,1011,74,26,31
15.99,75.55,28.23,1011,74,26,31
83.66,83.86,28.23,1011,74,26,31
77.82,34.77,28.23,1011,74,26,31
15.53,94.47,28.23,1011,74,26,31
74.81,75.57,28.23,1011,74,26,31
51.58,14.37,28.05,1003.94,88,28.05,28.05
34.73,38.80,28.23,1011,74,26,31
67.80,12.10,28.25,1006.66,78,28.25,28.25
58.63,46.16,28.23,1011,74,26,31
34.99,80.70,28.23,1011,74,26,31
41.17,63.34,28.23,1011,74,26,31
88.85,99.47,28.23,1011,74,26,31
47.59,55.44,28.23,1011,74,26,31
18.35,43.30,28.23,1011,74,26,31
96.59,71.93,28.23,1011,74,26,31
89.16,74.62,28.23,1011,74,26,31
90.22,97.37,28.23,1011,74,26,31
27.34,71.84,4.55,1011.76,84,4.55,4.55
69.36,62.14,28.23,1011,74,26,31
64.81,22.54,28.65,1002.43,82,28.65,28.65
94.80,92.68,28.23,1011,74,26,31
29.69,95.95,28.23,1011,74,26,31
42.52,72.28,28.23,1011,74,26,31
59.92,74.87,28.23,1011,74,26,31
57.66,51.89,28.23,1011,74,26,31
51.22,65.65,28.23,1011,74,26,31
82.36,48.35,28.23,1011,74,26,31
73.30,21.69,28.23,1011,74,26,31
68.94,41.27,28.23,1011,74,26,31
83.49,72.24,6.35,1003.11,92,6.35,6.35
86.12,98.77,28.23,1011,74,26,31
24.17,61.66,28.23,1011,74,26,31
71.38,40.59,28.23,1011,74,26,31
37.16,33.99,28.23,1011,74,26,31
74.51,46.71,28.23,1011,74,26,31
94.17,63.67,28.23,1011,74,26,31
56.46,44.64,28.23,1011,74,26,31
17.54,70.19,28.23,1011,74,26,31
76.54,41.15,28.23,1011,74,26,31
65.19,38.35,28.23,1011,74,26,31
36.57,41.38,28.23,1011,74,26,31
32.18,27.65,25.95,1010.16,26,25.95,25.95
46.10,95.40,28.23,1011,74,26,31
19.60,53.11,28.23,1011,74,26,31
90.68,26.84,28.23,1011,74,26,31
69.15,11.72,28.23,1011,74,26,31
40.89,16.70,28.23,1011,74,26,31
35.11,93.75,28.23,1011,74,26,31
21.37,43.61,28.23,1011,74,26,31
87.54,94.36,28.23,1011,74,26,31
92.69,30.91,28.23,1011,74,26,31
78.49,25.85,32.05,1000.49,46,32.05,32.05
95.67,92.20,28.23,1011,74,26,31
32.98,78.88,1.25,1013.56,86,1.25,1.25
58.33,78.65,0.15,1007.81,95,0.15,0.15
56.37,24.45,34,999,67,34,34
68.32,77.90,28.23,1011,74,26,31
22.14,84.22,28.23,1011,74,26,31
80.35,25.94,28.23,1011,74,26,31
92.18,14.45,28.23,1011,74,26,31
45.10,48.77,28.23,1011,74,26,31
50.29,22.47,28.23,1011,74,26,31
98.85,35.66,5.85,1010.49,72,5.85,5.85
72.23,96.91,28.23,1011,74,26,31
41.57,47.24,22.65,1015.01,55,22.65,22.65
52.23,74.74,28.23,1011,74,26,31
44.74,48.10,23.85,1015.92,48,23.85,23.85
92.14,54.86,11.15,1011.59,80,11.15,11.15
43.99,34.48,32,1003,25,32,32
71.94,55.32,10.55,1009.19,95,10.55,10.55
12.85,89.49,28.23,1011,74,26,31
93.55,32.62,28.23,1011,74,26,31
65.86,22.73,28.75,1002.41,79,28.75,28.75
54.55,97.23,28.23,1011,74,26,31
98.34,84.26,0.55,1012.06,96,0.55,0.55
33.70,46.55,28.23,1011,74,26,31
88.37,35.10,-1.25,1014.01,96,-1.25,-1.25
18.36,68.94,11.13,1004,93,8.89,12.78
99.49,27.35,12.45,1011.26,95,12.45,12.45
99.87,41.20,19.45,1006.34,60,19.45,19.45
60.69,56.22,12,1017,54,12,12
22.53,68.80,11,1003,93,11,11
62.44,23.99,28.55,1001.15,88,28.55,28.55
70.46,67.10,2.75,1003.69,77,2.75,2.75
86.65,22.34,27.35,1000.37,84,27.35,27.35
80.39,77.90,0.55,1009.86,89,0.55,0.55
63.10,10.47,28.15,1007.72,79,28.15,28.15
79.65,57.48,12.45,1006.61,98,12.45,12.45
14.82,91.35,28.23,1011,74,26,31
73.73,33.50,28.89,1005,42,28.89,28.89
48.94,99.63,28.23,1011,74,26,31
47.46,72.91,1.95,1007.58,91,1.95,1.95
16.37,77.14,3.65,1014.28,71,3.65,3.65
81.91,55.57,12.05,1009.06,90,12.05,12.05
63.77,52.98,28.23,1011,74,26,31
14.24,95.13,28.23,1011,74,26,31
61.33,42.61,28.23,1011,74,26,31
17.13,45.50,28.23,1011,74,26,31
92.37,37.72,11.65,1011.97,53,11.65,11.65
54.39,69.77,2.35,1006.85,93,2.35,2.35
92.14,70.68,28.23,1011,74,26,31
40.47,63.94,15.95,1006.16,81,15.95,15.95
30.25,52.15,28.23,1011,74,26,31
82.99,96.51,28.23,1011,74,26,31
27.64,71.73,28.23,1011,74,26,31
34.85,74.34,28.23,1011,74,26,31
20.82,34.32,28.23,1011,74,26,31
41.76,76.64,28.23,1011,74,26,31
90.48,81.57,28.23,1011,74,26,31
31.67,20.86,28.23,1011,74,26,31
87.36,34.54,0.85,1013.85,82,0.85,0.85
34.25,98.68,28.23,1011,74,26,31
90.25,31.44,8.15,1005.1,46,8.15,8.15
18.53,20.15,21.65,1010.12,25,21.65,21.65
55.48,68.38,0.65,1009.6,93,0.65,0.65
52.22,32.23,28.23,1011,74,26,31
14.85,93.38,28.23,1011,74,26,31
97.91,75.75,6.25,1014.3,68,6.25,6.25
45.68,23.38,28.75,1006.87,13,28.75,28.75
57.91,85.38,0.05,1009.18,97,0.05,0.05
97.18,66.23,28.23,1011,74,26,31
52.27,55.14,28.23,1011,74,26,31
26.46,46.43,28.23,1011,74,26,31
80.33,73.93,3.95,1004.04,82,3.95,3.95
73.12,92.96,28.23,1011,74,26,31
94.59,60.10,28.23,1011,74,26,31
97.37,99.49,28.23,1011,74,26,31
29.45,15.14,34.85,1006.17,8,34.85,34.85
53.90,14.41,28.23,1011,74,26,31
24.60,76.99,28.23,1011,74,26,31
83.91,24.59,28.23,1011,74,26,31
17.75,76.84,28.23,1011,74,26,31
74.58,18.72,24.55,1003.89,76,24.55,24.55
36.22,87.13,0.45,1009.28,95,0.45,0.45
13.14,80.68,1.25,1012.07,98,1.25,1.25
95.79,63.14,8.75,1015.25,82,8.75,8.75
63.41,82.33,0.05,1010.43,87,0.05,0.05
19.82,96.26,28.23,1011,74,26,31
64.87,25.40,27.25,1002.68,87,27.25,27.25
50.30,21.31,33.65,1001.27,17,33.65,33.65
24.60,95.65,28.23,1011,74,26,31
12.84,61.48,7.85,1007.27,82,7.85,7.85
56.72,99.30,28.23,1011,74,26,31
54.12,97.32,28.23,1011,74,26,31
35.35,98.46,28.23,1011,74,26,31
75.12,61.33,7.35,1005.37,88,7.35,7.35
52.79,85.67,0.55,1009.18,83,0.55,0.55
15.62,36.45,25.25,1015.53,67,25.25,25.25
28.65,87.55,0.35,1009.11,95,0.35,0.35
96.11,59.26,9.45,1014.62,88,9.45,9.45
85.99,82.59,0.15,1013.19,90,0.15,0.15
14.69,87.25,0.55,1008.65,92,0.55,0.55
46.93,86.67,0.45,1009.39,94,0.45,0.45
68.91,77.61,-0.35,1006.11,92,-0.35,-0.35
80.17,17.20,28.23,1011,74,26,31
63.47,93.74,28.23,1011,74,26,31
73.35,93.81,28.23,1011,74,26,31
15.43,41.48,26.16,1014,65,25,27.22
62.33,22.19,28.23,1011,74,26,31
70.94,81.90,28.23,1011,74,26,31
66.72,68.13,28.23,1011,74,26,31
39.85,51.97,20,1018,68,20,20
87.60,72.10,8.85,1006.24,69,8.85,8.85
45.42,48.85,22.65,1017.57,59,22.65,22.65
41.53,11.62,34.55,1004.62,23,34.55,34.55
55.95,14.83,28.23,1011,74,26,31
38.51,45.95,28.23,1011,74,26,31
29.50,31.27,28.23,1011,74,26,31
49.35,62.85,28.23,1011,74,26,31
81.18,49.79,28.23,1011,74,26,31
36.24,43.95,26.65,1009.32,64,26.65,26.65
89.17,50.35,28.23,1011,74,26,31
18.46,42.77,24.54,1014,83,24,25
98.78,88.68,28.23,1011,74,26,31
15.41,91.82,28.23,1011,74,26,31
64.84,67.59,1.35,1005.24,97,1.35,1.35
73.44,84.62,28.23,1011,74,26,31
48.94,11.82,28.23,1011,74,26,31
46.78,19.61,28.23,1011,74,26,31
50.84,11.19,28.23,1011,74,26,31
17.26,11.74,33.55,1009.66,36,33.55,33.55
63.15,93.61,28.23,1011,74,26,31
60.38,29.95,27.55,1001.47,15,27.55,27.55
37.26,41.68,25.15,1009.14,79,25.15,25.15
82.76,92.80,28.23,1011,74,26,31
52.76,26.20,31.75,999.19,69,31.75,31.75
53.88,40.15,28.23,1011,74,26,31
94.93,68.52,28.23,1011,74,26,31
63.36,85.31,28.23,1011,74,26,31
38.41,92.77,28.23,1011,74,26,31
94.42,51.26,14.35,1011.08,60,14.35,14.35
26.98,87.73,28.23,1011,74,26,31
70.83,53.65,28.23,1011,74,26,31
10.91,11.65,31.35,1011.36,48,31.35,31.35
23.11,49.69,19.68,1016,88,19,20.56
26.61,69.16,28.23,1011,74,26,31
61.95,98.72,28.23,1011,74,26,31
45.83,33.53,24,1013,27,24,24
62.76,22.42,28.65,1001.39,86,28.65,28.65
15.28,62.49,28.23,1011,74,26,31
83.62,57.38,28.23,1011,74,26,31
24.22,54.52,28.23,1011,74,26,31
84.72,63.39,28.23,1011,74,26,31
65.26,18.81,28.23,1011,74,26,31
74.95,57.34,10.15,1006.66,99,10.15,10.15
83.51,23.95,28.43,999.43,75,28.43,28.43
84.34,56.57,24.86,1005,47,24,25.56
39.68,73.30,1.63,1012.79,88,1.63,1.63
90.44,12.34,29.03,1004.59,84,29.03,29.03
90.30,69.14,8.83,1005.31,90,8.83,8.83
57.72,87.94,0.33,1011.28,93,0.33,0.33
34.43,20.10,44.13,1002.89,5,44.13,44.13
29.37,87.46,0.43,1011.05,92,0.43,0.43
87.60,44.37,30.44,1007,29,30,31
18.26,65.36,12.11,1003,93,8,14.44
28.66,78.10,3.23,1015.01,74,3.23,3.23
30.92,63.21,17.73,1005.83,57,17.73,17.73
15.10,37.53,33.63,1016,38,31,35
81.73,69.48,6.33,1004.08,74,6.33,6.33
15.20,90.52,28.23,1011,74,26,31
75.14,34.16,11.73,1010.52,46,11.73,11.73
33.57,58.49,23.83,1013.14,71,23.83,23.83
27.46,54.94,21.93,1018.69,63,21.93,21.93
51.15,91.21,28.23,1011,74,26,31
66.82,42.27,35.93,1008.02,9,35.93,35.93
26.44,63.93,14.44,1002,82,14.44,14.44
58.51,38.55,39,1008,15,39,39
58.61,11.42,27.03,1006.62,83,27.03,27.03
30.16,64.86,28.23,1011,74,26,31
93.15,64.30,20.23,1009.42,51,20.23,20.23
62.68,25.28,34.43,999.2,51,34.43,34.43
83.20,79.54,28.23,1011,74,26,31
82.39,67.56,28.23,1011,74,26,31
25.76,68.81,28.23,1011,74,26,31
56.99,53.28,21.43,1019.57,69,21.43,21.43
21.99,69.73,28.23,1011,74,26,31
22.63,25.26,38.13,1010.58,9,38.13,38.13
73.68,28.57,28.23,1011,74,26,31
29.10,62.82,19.45,1007,56,19,20
36.60,47.44,30.83,1014.82,36,30.83,30.83
92.18,93.80,28.23,1011,74,26,31
54.64,82.76,28.23,1011,74,26,31
80.26,80.94,28.23,1011,74,26,31
75.17,23.16,28.23,1011,74,26,31
87.58,75.60,28.23,1011,74,26,31
40.85,40.80,28.23,1011,74,26,31
56.86,56.16,22.33,1017.89,57,22.33,22.33
63.60,83.61,28.23,1011,74,26,31
58.61,25.97,28.23,1011,74,26,31
19.69,12.84,28.23,1011,74,26,31
65.60,29.77,28.23,1011,74,26,31
27.65,25.68,36.43,1010.04,13,36.43,36.43
30.59,16.81,28.23,1011,74,26,31
19.65,34.16,28.23,1011,74,26,31
53.30,55.74,28.23,1011,74,26,31
95.82,87.51,28.23,1011,74,26,31
47.44,57.80,23.93,1012.45,87,23.93,23.93
77.52,38.45,30.63,1002.14,22,30.63,30.63
73.42,65.27,11.33,1010.5,55,11.33,11.33
90.92,65.77,28.23,1011,74,26,31
49.74,42.46,28.23,1011,74,26,31
14.93,32.94,28.23,1011,74,26,31
34.17,91.84,28.23,1011,74,26,31
17.69,24.45,28.23,1011,74,26,31
19.72,84.95,0.63,1011.43,93,0.63,0.63
12.59,85.69,28.23,1011,74,26,31
28.75,28.10,28.23,1011,74,26,31
87.74,63.17,28.23,1011,74,26,31
48.70,50.61,28.23,1011,74,26,31
79.79,63.49,14.13,1010.28,49,14.13,14.13
74.64,36.98,-1.88,1015.14,63,-1.88,-1.88
58.23,71.75,0.23,1002.06,84,0.23,0.23
66.30,36.75,39.53,1005.26,8,39.53,39.53
12.48,57.65,28.23,1011,74,26,31
46.21,25.24,41,1008,6,41,41
14.86,56.32,19.36,1023,45,18.89,20
43.92,91.11,28.23,1011,74,26,31
55.49,24.13,44,1001,13,44,44
20.50,92.17,28.23,1011,74,26,31
92.90,83.10,-0.08,1015.77,90,-0.08,-0.08
87.85,23.81,31.95,988,82,31.67,32.22
92.34,52.61,20.33,1008.35,69,20.33,20.33
69.39,86.87,0.23,1012.15,94,0.23,0.23
56.78,79.23,0.33,1009.38,90,0.33,0.33
56.29,62.21,11.23,1007.18,97,11.23,11.23
11.58,23.52,36.23,1011.83,9,36.23,36.23
11.68,12.47,37.73,1009.34,27,37.73,37.73
45.93,12.90,31.03,1003.57,68,31.03,31.03
34.65,95.30,28.23,1011,74,26,31
80.87,56.76,16.73,1004.47,88,16.73,16.73
20.14,50.10,23.92,1021,60,21.67,26.11
70.39,76.32,0.23,994.6,99,0.23,0.23
20.98,61.30,13,1013,66,13,13
44.63,70.85,2.73,1011.4,84,2.73,2.73
79.81,29.66,28.43,1002.6,34,28.43,28.43
60.64,30.46,28.23,1011,74,26,31
42.71,61.66,28.23,1011,74,26,31
54.44,87.91,0.33,1011.24,93,0.33,0.33
27.77,16.57,28.23,1011,74,26,31
47.48,26.43,28.23,1011,74,26,31
56.25,35.47,28.23,1011,74,26,31
38.59,28.13,38.53,1006.06,7,38.53,38.53
61.24,91.57,28.23,1011,74,26,31
81.30,66.60,28.23,1011,74,26,31
13.70,85.54,28.23,1011,74,26,31
71.65,41.64,28.23,1011,74,26,31
91.71,14.32,29.13,1004.64,81,29.13,29.13
47.77,32.92,28.23,1011,74,26,31
49.69,23.43,42.53,999.84,6,42.53,42.53
85.57,46.46,28.23,1011,74,26,31
14.43,60.39,28.23,1011,74,26,31
42.64,42.99,16.13,1012.64,81,16.13,16.13
90.20,47.22,13.33,1007.51,34,13.33,13.33
69.79,35.67,22.13,1009.07,22,22.13,22.13
49.50,46.63,28.23,1011,74,26,31
57.65,21.38,44.13,998.86,8,44.13,44.13
29.63,87.35,28.23,1011,74,26,31
83.95,61.68,28.23,1011,74,26,31
87.60,25.18,28.23,1011,74,26,31
32.74,82.38,28.23,1011,74,26,31
62.57,39.11,28.23,1011,74,26,31
94.73,35.71,6.93,1005,66,6.93,6.93
22.73,27.81,37.23,1011.39,13,37.23,37.23
23.25,76.91,28.23,1011,74,26,31
67.19,85.82,28.23,1011,74,26,31
71.22,66.29,28.23,1011,74,26,31
83.50,44.85,28.23,1011,74,26,31
95.88,56.51,28.23,1011,74,26,31
45.35,62.71,28.23,1011,74,26,31
20.79,11.97,37.03,1008.11,30,37.03,37.03
37.74,14.45,33.73,1007.83,32,33.73,33.73
50.61,44.81,28.23,1011,74,26,31
57.76,23.51,34,1000,71,34,34
76.69,42.42,28.23,1011,74,26,31
89.78,18.70,28.23,1011,74,26,31
59.23,79.28,28.23,1011,74,26,31
41.71,29.58,28.23,1011,74,26,31
46.55,33.26,35,1014,17,35,35
77.48,68.99,3.13,1006.02,74,3.13,3.13
79.27,67.33,28.23,1011,74,26,31
52.20,76.45,28.23,1011,74,26,31
54.85,76.28,28.23,1011,74,26,31
56.50,41.57,28.23,1011,74,26,31
41.40,18.73,31.83,1002.59,63,31.83,31.83
29.84,31.49,28.23,1011,74,26,31
77.15,87.58,0.23,1011.42,93,0.23,0.23
42.40,77.31,-0.38,1012.48,95,-0.38,-0.38
79.55,91.67,28.23,1011,74,26,31
74.23,99.78,28.23,1011,74,26,31
70.64,66.50,3.93,1009.32,71,3.93,3.93
73.34,73.72,28.23,1011,74,26,31
78.32,12.98,28.33,907,62,28.33,28.33
96.52,42.83,27.73,1002.17,25,27.73,27.73
63.58,39.18,38,1007,10,38,38
92.83,66.90,13.23,1009.38,82,13.23,13.23
43.22,57.78,26.03,1011.42,71,26.03,26.03
57.83,29.43,31.03,1002.11,11,31.03,31.03
32.92,43.52,26.33,1012.43,68,26.33,26.33
35.20,63.27,17.23,1005.18,53,17.23,17.23
49.54,93.75,28.23,1011,74,26,31
93.53,59.32,21.03,1009.39,46,21.03,21.03
11.37,10.66,33.13,1010.78,42,33.13,33.13
57.26,37.96,33,1015,11,33,33
10.63,89.74,28.23,1011,74,26,31
34.30,51.20,29.13,1016.96,52,29.13,29.13
63.35,79.90,1.33,1009.66,88,1.33,1.33
74.12,92.95,28.23,1011,74,26,31
41.16,52.71,29.03,1017.86,45,29.03,29.03
42.87,51.26,33.33,1008,24,33.33,33.33
59.23,92.34,28.23,1011,74,26,31
41.29,57.87,25.43,1011.52,78,25.43,25.43
45.41,29.53,41.63,1003.53,7,41.63,41.63
59.40,72.44,0.23,1000.78,84,0.23,0.23
29.89,91.76,28.23,1011,74,26,31
95.78,54.54,28.23,1011,74,26,31
65.46,58.46,17.93,1015.97,38,17.93,17.93
62.95,57.62,28.23,1011,74,26,31
21.42,36.23,28.23,1011,74,26,31
30.55,70.30,28.23,1011,74,26,31
67.14,40.77,28.23,1011,74,26,31
62.30,76.19,0.33,998.23,98,0.33,0.33
39.51,75.64,28.23,1011,74,26,31
38.65,28.45,37.33,1006.07,9,37.33,37.33
59.72,92.37,28.23,1011,74,26,31
75.46,39.11,28.23,1011,74,26,31
72.42,14.80,27.53,1003.89,81,27.53,27.53
49.50,62.30,24.33,1004.82,56,24.33,24.33
42.69,85.32,0.43,1011.96,94,0.43,0.43
83.42,66.25,28.23,1011,74,26,31
12.38,47.30,28.23,1011,74,26,31
80.88,28.31,32.23,1000.7,56,32.23,32.23
77.87,78.94,28.23,1011,74,26,31
33.84,61.25,28.23,1011,74,26,31
13.57,68.15,28.23,1011,74,26,31
94.48,78.77,1.53,1013.46,86,1.53,1.53
31.13,44.53,28.23,1011,74,26,31
84.86,30.68,12.93,1002.89,23,12.93,12.93
32.41,93.44,28.23,1011,74,26,31
77.94,94.52,28.23,1011,74,26,31
63.45,71.47,28.23,1011,74,26,31
21.16,51.49,28.23,1011,74,26,31
10.76,47.16,28.23,1011,74,26,31
46.34,34.14,28.23,1011,74,26,31
55.72,55.97,28.23,1011,74,26,31
50.66,52.93,28.23,1018.87,39,28.23,28.23
98.53,89.17,0.23,1010.37,96,0.23,0.23
47.42,82.34,0.73,1013.16,91,0.73,0.73
30.88,96.88,28.23,1011,74,26,31
10.16,20.96,28.23,1011,74,26,31
27.92,45.60,28.23,1011,74,26,31
80.40,51.69,28.23,1011,74,26,31
87.47,68.54,28.23,1011,74,26,31
48.70,31.61,44.73,999,9,44,46
93.78,20.18,28.23,1011,74,26,31
74.25,41.49,28.23,1011,74,26,31
98.48,56.89,28.23,1011,74,26,31
33.86,26.16,28.23,1011,74,26,31
36.67,93.84,28.23,1011,74,26,31
83.84,19.96,23.93,1000.52,93,23.93,23.93
53.98,91.67,28.23,1011,74,26,31
69.53,28.82,28.23,1011,74,26,31
94.26,43.72,34.03,1002.27,14,34.03,34.03
21.31,12.45,37.23,1007.98,27,37.23,37.23
48.38,40.42,38.23,1011.96,18,38.23,38.23
95.65,17.84,30.73,1004.28,71,30.73,30.73
43.69,44.98,28.23,1011,74,26,31
30.55,79.13,1.93,1014.67,81,1.93,1.93
16.69,84.13,0.53,1011.48,89,0.53,0.53
84.81,85.90,0.33,1013.34,94,0.33,0.33
71.98,13.77,26.23,1005.22,86,26.23,26.23
36.78,37.60,33,1008,38,33,33
38.67,18.43,32.43,1002.58,53,32.43,32.43
61.66,85.55,0.23,1012.63,95,0.23,0.23
26.73,75.32,4.83,1015.37,73,4.83,4.83
35.46,99.44,28.23,1011,74,26,31
76.30,96.18,28.23,1011,74,26,31
57.51,50.80,32,1017,19,32,32
10.49,29.47,28.23,1011,74,26,31
98.17,84.68,-0.18,1014.35,88,-0.18,-0.18
92.66,97.84,28.23,1011,74,26,31
10.73,78.78,4.83,1014.64,91,4.83,4.83
20.53,31.45,37.13,1014.86,12,37.13,37.13
87.18,66.37,13.53,1006.56,71,13.53,13.53
89.41,14.73,29.33,1003.41,83,29.33,29.33
88.92,42.58,25.43,1004.75,31,25.43,25.43
79.33,52.42,28.23,1011,74,26,31
72.18,91.30,28.23,1011,74,26,31
54.62,51.29,27.13,1019.08,38,27.13,27.13
74.67,36.16,28.23,1011,74,26,31
65.66,69.92,0.23,1004.87,88,0.23,0.23
35.38,56.61,28.23,1011,74,26,31
78.32,36.85,28.23,1011,74,26,31
42.28,91.14,28.23,1011,74,26,31
35.28,11.38,28.23,1011,74,26,31
79.50,48.19,28.23,1011,74,26,31
34.54,82.88,28.23,1011,74,26,31
19.62,83.85,0.73,1011.79,91,0.73,0.73
92.50,76.12,28.23,1011,74,26,31
33.94,85.15,28.23,1011,74,26,31
28.41,89.44,28.23,1011,74,26,31
37.85,47.76,30.53,1015.1,36,30.53,30.53
82.82,30.14,2.23,1010.91,86,2.23,2.23
92.54,48.52,28.23,1011,74,26,31
18.18,37.28,28.23,1011,74,26,31
74.42,94.69,28.23,1011,74,26,31
40.72,18.94,28.23,1011,74,26,31
35.68,36.45,28.23,1011,74,26,31
39.70,66.56,28.23,1011,74,26,31
71.45,58.77,14.43,1013.42,50,14.43,14.43
22.70,70.62,28.23,1011,74,26,31
23.20,42.47,23.65,1018,39,19.44,29
97.77,41.63,24.53,1002.99,28,24.53,24.53
49.74,46.47,36.73,1013.12,15,36.73,36.73
35.38,12.56,28.23,1011,74,26,31
17.91,51.64,28.23,1011,74,26,31
81.13,71.37,28.23,1011,74,26,31
81.34,15.10,28.23,1011,74,26,31
75.77,58.97,28.23,1011,74,26,31
11.74,33.97,26.93,1014.29,58,26.93,26.93
29.16,90.97,28.23,1011,74,26,31
81.67,74.39,1.83,995.67,99,1.83,1.83
62.35,19.43,28.23,1011,74,26,31
88.72,96.60,28.23,1011,74,26,31
67.79,21.72,28.23,1011,74,26,31
80.38,57.71,28.23,1011,74,26,31
33.34,56.78,28.23,1011,74,26,31
17.38,89.97,0.23,1010.11,95,0.23,0.23
42.80,55.14,28.23,1011,74,26,31
92.48,40.27,28.23,1011,74,26,31
37.69,30.74,28.23,1011,74,26,31
54.38,31.47,28.23,1011,74,26,31
54.71,34.70,41.63,1002.32,8,41.63,41.63
21.12,40.65,25,1020,57,25,25
76.96,64.99,11.11,1011,62,11.11,11.11
25.48,42.13,31.6,1015,35,31,32
96.82,91.51,28.23,1011,74,26,31
22.24,50.82,24.54,1021,73,22,27.22
98.52,36.82,17.93,1006.06,29,17.93,17.93
70.83,24.92,39.73,998.79,26,39.73,39.73
84.39,55.39,28.23,1011,74,26,31
68.20,26.70,43,999,34,43,43
69.18,69.74,4.33,1004.35,66,4.33,4.33
50.88,30.16,42,1006,8,42,42
14.11,76.30,5.63,1014.01,82,5.63,5.63
21.67,54.53,28.23,1011,74,26,31
99.47,69.48,17.53,1008.94,42,17.53,17.53
95.24,22.43,35.73,1001.91,46,35.73,35.73
52.74,67.69,12.03,1008.94,51,12.03,12.03
30.44,93.19,28.23,1011,74,26,31
59.40,51.82,24.23,1019.55,31,24.23,24.23
50.85,12.32,31.73,1002.77,65,31.73,31.73
27.27,87.45,0.43,1011,92,0.43,0.43
50.64,65.70,11.83,1007.58,76,11.83,11.83
84.91,49.70,19.13,1009.57,68,19.13,19.13
95.82,21.41,36,1002,50,36,36
89.72,95.43,28.23,1011,74,26,31
80.65,50.88,28.23,1011,74,26,31
62.21,34.72,39,1012,11,39,39
81.47,73.13,1.33,997.31,97,1.33,1.33
38.38,21.47,29.83,1002.68,77,29.83,29.83
87.78,90.42,28.23,1011,74,26,31
56.83,17.43,27.63,1001,86,27.63,27.63
35.19,12.30,28.23,1011,74,26,31
68.26,74.65,28.23,1011,74,26,31
63.97,72.91,28.23,1011,74,26,31
92.11,23.76,28.23,1011,74,26,31
94.99,96.54,28.23,1011,74,26,31
89.54,81.53,0.43,1015.44,87,0.43,0.43
35.74,20.18,28.23,1011,74,26,31
96.60,75.45,13.73,1007.99,39,13.73,13.73
54.18,96.84,28.23,1011,74,26,31
17.79,87.52,28.23,1011,74,26,31
41.17,27.82,40,1012,12,40,40
51.11,52.87,28.93,1019.03,36,28.93,28.93
38.62,33.55,28.23,1011,74,26,31
15.87,56.30,20.59,1023,45,20,21.67
98.66,53.10,28.23,1011,74,26,31
34.32,98.50,28.23,1011,74,26,31
60.16,13.36,27.53,1005.11,82,27.53,27.53
30.13,52.10,28.23,1011,74,26,31
33.95,38.47,28.23,1011,74,26,31
63.86,73.17,28.23,1011,74,26,31
38.53,16.43,32.33,1004.93,14,32.33,32.33
54.68,61.71,28.23,1011,74,26,31
80.38,91.15,28.23,1011,74,26,31
49.48,28.88,33.43,999.95,52,33.43,33.43
70.37,29.29,28.23,1011,74,26,31
39.27,86.54,28.23,1011,74,26,31
50.44,22.48,28.23,1011,74,26,31
30.93,36.28,28.23,1011,74,26,31
54.92,81.20,28.23,1011,74,26,31
64.53,99.84,28.23,1011,74,26,31
42.36,99.15,28.23,1011,74,26,31
89.27,98.18,28.23,1011,74,26,31
78.18,77.98,2.33,1001.81,83,2.33,2.33
25.42,81.94,28.23,1011,74,26,31
32.71,23.35,28.23,1011,74,26,31
28.92,27.82,28.23,1011,74,26,31
13.55,54.69,28.23,1011,74,26,31
85.65,54.58,28.23,1011,74,26,31
96.50,22.88,25.13,1002.09,81,25.13,25.13
81.38,23.71,32.43,999.9,48,32.43,32.43
68.79,16.24,28.23,1011,74,26,31
83.47,26.89,28.23,1011,74,26,31
29.59,57.46,28.23,1011,74,26,31
38.88,19.79,28.23,1011,74,26,31
47.17,75.34,0.63,1008.85,90,0.63,0.63
45.48,30.62,42.03,1002.32,8,42.03,42.03
58.89,88.27,0.23,1010.94,94,0.23,0.23
98.65,87.17,0.13,1011.81,98,0.13,0.13
68.18,53.74,15.53,1018.21,51,15.53,15.53
29.90,38.66,28.23,1011,74,26,31
64.62,22.23,29.23,1001.6,78,29.23,29.23
89.76,54.89,19.13,1006.66,67,19.13,19.13
78.62,63.92,14.53,1010.79,41,14.53,14.53
91.57,61.64,24.23,1009.1,34,24.23,24.23
36.93,43.29,28.23,1011,74,26,31
69.84,94.44,28.23,1011,74,26,31
79.18,93.40,28.23,1011,74,26,31
44.56,51.52,29.23,1018.42,38,29.23,29.23
43.68,78.21,-0.28,1012.6,92,-0.28,-0.28
53.16,54.16,23.93,1018.73,67,23.93,23.93
57.72,51.31,28,1018,32,28,28
66.19,83.86,0.63,1013.98,90,0.63,0.63
75.31,16.66,31.03,1004.17,47,31.03,31.03
51.66,56.29,22.33,1016.4,83,22.33,22.33
74.69,18.33,32.03,1002.71,44,32.03,32.03
70.99,26.77,41.83,994.82,20,41.83,41.83
64.28,80.33,1.13,1011.16,88,1.13,1.13
49.77,61.86,27.42,1006,47,27,27.78
58.59,88.27,0.23,1010.94,94,0.23,0.23
70.88,80.37,1.33,1011.09,88,1.33,1.33
41.55,78.54,0.03,1013.54,95,0.03,0.03
43.53,31.71,41.53,1003.29,9,41.53,41.53
78.14,15.22,27.73,1003.37,65,27.73,27.73
19.79,51.37,24.55,1022,36,23.89,25.56
12.56,65.84,12.29,1011,76,11.67,13
85.90,30.79,28.23,1011,74,26,31
23.25,29.30,28.23,1011,74,26,31
83.19,15.34,28.23,1011,74,26,31
47.74,31.35,46.03,999.28,4,46.03,46.03
60.65,27.17,28.23,1011,74,26,31
70.30,97.18,28.23,1011,74,26,31
69.21,53.62,17,1016,33,17,17
46.64,14.50,28.23,1011,74,26,31
28.12,60.33,28.23,1011,74,26,31
37.92,94.71,28.23,1011,74,26,31
91.81,45.80,28.23,1011,74,26,31
99.22,88.20,0.13,1011.03,95,0.13,0.13
34.71,78.67,28.23,1011,74,26,31
47.99,62.85,28.23,1011,74,26,31
77.18,49.80,19.43,1008.52,59,19.43,19.43
67.42,84.64,28.23,1011,74,26,31
34.10,35.94,26.13,1009.6,74,26.13,26.13
20.23,17.93,28.23,1011,74,26,31
13.55,44.89,27.1,1015,69,26,28
80.27,62.95,28.23,1011,74,26,31
58.81,46.25,36.13,1013.11,12,36.13,36.13
21.96,11.15,33.83,1008.81,46,33.83,33.83
71.80,88.66,28.23,1011,74,26,31
19.12,54.78,28.23,1011,74,26,31
53.10,12.19,28.23,1011,74,26,31
70.54,96.65,28.23,1011,74,26,31
22.84,22.57,28.23,1011,74,26,31
99.49,78.13,1.33,1014.23,96,1.33,1.33
45.29,51.42,32.41,1019,24,32,32.78
97.51,31.71,15.73,997.73,43,15.73,15.73
68.50,64.11,28.23,1011,74,26,31
61.84,23.85,28.23,1011,74,26,31
68.77,12.43,28.23,1011,74,26,31
88.55,51.64,28.23,1011,74,26,31
87.98,90.69,28.23,1011,74,26,31
81.96,49.27,22.73,1007.32,57,22.73,22.73
67.51,92.70,28.23,1011,74,26,31
99.44,20.21,28.23,1011,74,26,31
53.88,64.52,28.23,1011,74,26,31
44.75,96.83,28.23,1011,74,26,31
81.46,84.66,28.23,1011,74,26,31
48.72,55.19,32,1016,21,32,32
40.10,95.33,28.23,1011,74,26,31
32.98,41.47,25.53,1011.75,70,25.53,25.53
25.58,20.48,38.73,1008.61,9,38.73,38.73
85.97,97.84,28.23,1011,74,26,31
64.78,32.22,37.93,999.53,5,37.93,37.93
21.84,14.29,36.43,1007.12,19,36.43,36.43
50.23,85.75,0.43,1012.14,92,0.43,0.43
14.72,55.18,17,1025,59,17,17
58.27,37.53,39,1008,15,39,39
86.51,18.24,28.93,1001.29,81,28.93,28.93
88.12,12.54,29.03,1004.41,84,29.03,29.03
26.13,26.94,36.53,1010.65,12,36.53,36.53
43.95,42.61,22.33,1013.03,57,22.33,22.33
19.71,94.15,28.23,1011,74,26,31
82.12,36.47,19.03,1011.5,42,19.03,19.03
15.98,66.27,9.38,1009,71,8.89,10
91.40,11.33,28.93,1004.88,83,28.93,28.93
79.44,59.82,16.13,1006.74,79,16.13,16.13
55.51,64.28,10.93,1008.12,92,10.93,10.93
62.84,13.17,27.63,1005.83,82,27.63,27.63
60.98,34.32,33.73,1006.53,10,33.73,33.73
18.81,80.15,1.53,1014.03,97,1.53,1.53
85.38,29.25,12.13,1009.31,38,12.13,12.13
84.49,27.93,22.83,1006.91,92,22.83,22.83
43.10,13.41,32.33,1002.18,69,32.33,32.33
47.89,72.15,1.93,1008.85,77,1.93,1.93
10.40,54.31,19.54,1025,59,17,21.67
58.30,41.55,39.33,1008.88,9,39.33,39.33
30.49,44.44,26.23,1013.12,72,26.23,26.23
60.35,33.59,32.53,1004.69,11,32.53,32.53
19.37,88.61,0.53,1010.33,87,0.53,0.53
31.75,40.33,28.23,1011,74,26,31
99.37,39.29,28.23,1011,74,26,31
52.97,80.93,0.33,1013.01,85,0.33,0.33
40.83,98.46,28.23,1011,74,26,31
54.17,68.31,4.13,1008.81,75,4.13,4.13
17.72,31.63,25.33,1016.41,70,25.33,25.33
64.62,52.23,28.23,1011,74,26,31
48.88,50.32,28.23,1011,74,26,31
49.33,27.90,32.83,1000.82,54,32.83,32.83
56.63,31.62,36.93,1001.02,8,36.93,36.93
62.18,65.18,28.23,1011,74,26,31
47.42,81.50,28.23,1011,74,26,31
21.60,98.28,28.23,1011,74,26,31
17.15,53.35,22.87,1023,46,21.11,24.44
65.62,97.91,28.23,1011,74,26,31
59.40,47.69,28.23,1011,74,26,31
83.64,17.18,28.63,1000.81,83,28.63,28.63
43.35,10.29,37.43,1003.27,17,37.43,37.43
66.44,67.37,1.63,1009.12,99,1.63,1.63
35.62,69.66,4.43,1010.39,89,4.43,4.43
49.50,92.70,28.23,1011,74,26,31
95.91,72.57,28.23,1011,74,26,31
14.26,74.80,28.23,1011,74,26,31
72.88,84.14,28.23,1011,74,26,31
37.25,80.22,28.23,1011,74,26,31
92.18,14.63,29.13,1004.81,80,29.13,29.13
31.67,57.60,25.03,1014.69,46,25.03,25.03
83.77,50.32,17.63,1008.78,88,17.63,17.63
17.78,44.34,28.23,1011,74,26,31
40.16,17.91,28.23,1011,74,26,31
42.45,12.61,28.23,1011,74,26,31
34.46,16.40,28.23,1011,74,26,31
63.13,90.33,28.23,1011,74,26,31
85.55,89.63,0.23,1010.11,95,0.23,0.23
87.49,41.60,26.23,1003.58,26,26.23,26.23
32.73,91.92,28.23,1011,74,26,31
68.31,35.33,18.03,1008.67,25,18.03,18.03
20.21,56.95,28.23,1011,74,26,31
19.43,16.58,28.23,1011,74,26,31
94.17,48.76,28.23,1011,74,26,31
85.35,73.97,7.13,996.97,86,7.13,7.13
67.51,90.20,28.23,1011,74,26,31
25.91,53.98,28.23,1011,74,26,31
18.57,57.52,19.96,1021,52,18,20.56
61.98,14.25,27.53,1004.81,84,27.53,27.53
77.96,27.31,40,998,28,40,40
88.33,32.72,13.23,1000.49,23,13.23,13.23
61.21,34.61,36.83,1006.46,9,36.83,36.83
46.27,57.98,26.03,1012.01,68,26.03,26.03
85.11,53.27,18.93,1006.65,80,18.93,18.93
31.88,55.47,28.23,1011,74,26,31
46.90,56.45,31,1016,23,31,31
41.94,11.48,41.43,1000.93,15,41.43,41.43
59.76,37.64,38.83,1008.06,11,38.83,38.83
71.84,39.43,7.13,1013.82,61,7.13,7.13
70.76,68.13,5.83,1007.22,69,5.83,5.83
10.37,14.23,39.23,1008.2,22,39.23,39.23
87.54,77.99,2.13,1007.74,82,2.13,2.13
79.68,51.32,25.73,1007.06,43,25.73,25.73
62.71,34.91,36.23,1007.26,10,36.23,36.23
46.82,77.22,-0.28,1010.24,91,-0.28,-0.28
12.47,15.85,41.53,1007.04,12,41.53,41.53
32.71,76.58,1.03,1014.96,81,1.03,1.03
78.37,87.18,0.23,1011.83,95,0.23,0.23
14.64,87.27,0.53,1010.68,88,0.53,0.53
99.36,13.98,27.53,1004.91,76,27.53,27.53
14.76,82.71,0.63,1011.98,95,0.63,0.63
49.26,53.25,31,1019,27,31,31
61.79,61.66,28.23,1011,74,26,31
68.49,49.95,21.73,1014.93,55,21.73,21.73
77.79,86.39,0.23,1012.72,96,0.23,0.23
95.68,66.39,14.83,1011.89,60,14.83,14.83
16.76,72.36,28.23,1011,74,26,31
50.83,12.25,28.23,1011,74,26,31
50.62,41.66,28.23,1011,74,26,31
64.72,69.18,1.93,1006.44,77,1.93,1.93
20.39,53.98,22,1023,49,22,22
41.58,56.83,28.23,1011,74,26,31
97.80,47.53,28.23,1011,74,26,31
97.39,31.98,18.63,998.22,36,18.63,18.63
74.30,45.45,23.03,1005.58,37,23.03,23.03
59.89,10.70,27.23,1007.24,83,27.23,27.23
12.22,62.35,28.23,1011,74,26,31
43.67,48.42,28.23,1011,74,26,31
32.98,27.57,28.23,1011,74,26,31
64.21,53.26,28.23,1011,74,26,31
61.12,18.71,28.23,1011,74,26,31
41.48,39.76,24.55,1018,47,24,25
68.67,82.72,0.53,1014.32,93,0.53,0.53
74.46,94.15,28.23,1011,74,26,31
36.88,78.53,0.63,1014.55,94,0.63,0.63
23.35,32.47,28.23,1011,74,26,31
47.99,66.29,28.23,1011,74,26,31
93.48,93.58,28.23,1011,74,26,31
39.98,29.30,28.23,1011,74,26,31
93.61,70.38,28.23,1011,74,26,31
90.45,83.87,28.23,1011,74,26,31
45.71,92.95,28.23,1011,74,26,31
66.12,85.81,0.33,1012.83,95,0.33,0.33
33.92,56.46,20.93,1014.99,90,20.93,20.93
43.62,99.59,28.23,1011,74,26,31
97.47,86.66,28.23,1011,74,26,31
61.79,62.38,28.23,1011,74,26,31
40.69,16.95,28.23,1011,74,26,31
44.88,89.82,28.23,1011,74,26,31
92.87,15.51,28.23,1011,74,26,31
14.32,56.79,18.35,1022,42,17.78,19
74.42,30.95,41,1000,24,41,41
87.16,82.67,28.23,1011,74,26,31
64.41,20.27,28.73,1002.64,82,28.73,28.73
29.28,91.70,28.23,1011,74,26,31
42.44,15.57,32.23,1000.97,71,32.23,32.23
12.76,30.51,28.23,1011,74,26,31
54.71,68.20,1.33,1008.69,87,1.33,1.33
37.80,31.65,34,1009,16,34,34
46.64,95.69,28.23,1011,74,26,31
77.67,49.66,28.23,1011,74,26,31
38.82,38.70,32.4,1011,29,32,33
37.79,19.79,31.43,1003.21,68,31.43,31.43
27.51,13.48,36.33,1007.3,28,36.33,36.33
78.61,91.77,28.23,1011,74,26,31
59.32,34.48,37,1008,12,37,37
91.15,92.16,28.23,1011,74,26,31
22.45,90.70,28.23,1011,74,26,31
66.18,95.99,28.23,1011,74,26,31
92.39,30.57,12.23,1002.7,39,12.23,12.23
64.49,41.80,37.83,1008.19,8,37.83,37.83
66.68,63.76,17.53,1011.14,35,17.53,17.53
27.89,32.76,26.33,1012.13,72,26.33,26.33
71.19,69.58,3.83,1004.28,72,3.83,3.83
30.48,61.85,19.44,1010,63,19.44,19.44
16.26,13.35,37.53,1007.5,33,37.53,37.53
79.82,62.95,14.23,1010.03,53,14.23,14.23
31.95,86.25,28.23,1011,74,26,31
27.85,50.60,26.93,1016.35,59,26.93,26.93
77.28,86.97,0.13,1012.26,95,0.13,0.13
93.74,87.95,0.03,1011.42,96,0.03,0.03
78.25,68.16,4.63,1006.71,68,4.63,4.63
28.62,66.46,20,1001,40,20,20
65.69,99.71,28.23,1011,74,26,31
48.11,94.94,28.23,1011,74,26,31
38.23,48.32,31.03,1015.54,35,31.03,31.03
88.65,75.46,8.43,1000.69,66,8.43,8.43
44.78,46.24,28.23,1011,74,26,31
68.73,15.88,28.23,1011,74,26,31
42.53,74.68,28.23,1011,74,26,31
99.41,53.23,16.33,1006.61,69,16.33,16.33
48.74,14.53,28.23,1011,74,26,31
39.25,80.40,0.83,1013.83,97,0.83,0.83
12.63,54.82,20.56,1023,55,20.56,20.56
88.11,14.31,28.23,1011,74,26,31
88.94,17.33,28.23,1011,74,26,31
90.66,36.15,4.03,1011.04,76,4.03,4.03
73.79,20.85,35.13,1000.83,43,35.13,35.13
60.62,61.86,9.93,1011.77,96,9.93,9.93
30.93,57.89,28.23,1011,74,26,31
23.48,10.15,28.23,1011,74,26,31
73.45,76.30,28.23,1011,74,26,31
68.53,73.34,28.23,1011,74,26,31
34.97,73.32,28.23,1011,74,26,31
68.53,34.86,33,1010,15,33,33
15.96,50.96,28.23,1011,74,26,31
48.40,60.56,28.23,1011,74,26,31
13.51,45.23,24.8,1014,61,23,28
45.33,64.70,28.23,1011,74,26,31
46.51,98.65,28.23,1011,74,26,31
59.56,96.13,28.23,1011,74,26,31
40.20,88.16,28.23,1011,74,26,31
26.22,35.95,28.23,1011,74,26,31
29.55,61.82,28.23,1011,74,26,31
93.90,23.77,28.23,1011,74,26,31
83.54,53.90,24,1006,50,24,24
84.26,46.40,26.03,1005.4,27,26.03,26.03
51.10,93.83,28.23,1011,74,26,31
57.60,30.94,28.23,1011,74,26,31
94.15,71.85,28.23,1011,74,26,31
63.73,99.13,28.23,1011,74,26,31
29.13,26.29,28.23,1011,74,26,31
55.44,37.83,28.23,1011,74,26,31
78.55,53.52,20.83,1008.05,52,20.83,20.83
56.57,51.51,25.83,1018.74,42,25.83,25.83
17.12,55.60,28.23,1011,74,26,31
87.38,79.54,1.53,1012.92,83,1.53,1.53
32.85,29.70,28.23,1011,74,26,31
63.40,43.84,28.23,1011,74,26,31
81.93,72.66,28.23,1011,74,26,31
60.91,29.80,38,1012,11,38,38
59.82,60.73,11.23,1012.04,84,11.23,11.23
58.28,39.26,28.23,1011,74,26,31
76.62,94.98,28.23,1011,74,26,31
36.50,37.14,30.37,1008,38,26.67,33
69.86,77.14,0.83,997.36,93,0.83,0.83
39.67,30.24,28.23,1011,74,26,31
85.92,67.80,12.73,1004.85,70,12.73,12.73
38.83,85.67,0.43,1011.73,91,0.43,0.43
14.97,34.54,26.23,1016.31,69,26.23,26.23
53.68,29.71,32.23,1005.53,12,32.23,32.23
59.72,85.79,0.23,1012.55,95,0.23,0.23
88.60,75.76,28.23,1011,74,26,31
70.39,74.55,-0.28,995.68,92,-0.28,-0.28
17.70,27.77,34.83,1013.89,10,34.83,34.83
51.34,21.37,42.23,999.34,6,42.23,42.23
73.56,76.53,1.13,994.45,97,1.13,1.13
83.78,19.95,23.93,1000.52,93,23.93,23.93
29.38,30.96,28.23,1011,74,26,31
30.41,61.22,20.14,1004,72,19.44,21.11
41.84,90.87,28.23,1011,74,26,31
53.25,73.49,0.23,1004.14,95,0.23,0.23
68.92,65.71,13.43,1009.71,47,13.43,13.43
92.70,29.67,11.33,1005.02,51,11.33,11.33
12.26,12.19,36.23,1009.77,33,36.23,36.23
75.18,10.29,28.43,1007.1,78,28.43,28.43
98.95,19.84,26.63,1004.45,69,26.63,26.63
88.15,90.72,28.23,1011,74,26,31
96.56,74.27,14.43,1006.98,37,14.43,14.43
59.80,78.45,1.03,1004.81,92,1.03,1.03
37.81,92.29,28.23,1011,74,26,31
88.74,99.12,28.23,1011,74,26,31
99.65,57.94,24.43,1010.77,35,24.43,24.43
75.44,21.48,28.23,1011,74,26,31
93.10,15.97,29.43,1004.26,77,29.43,29.43
19.88,45.20,28.23,1011,74,26,31
10.40,77.18,6.33,1014.28,89,6.33,6.33
11.28,43.81,28.23,1011,74,26,31
72.17,82.20,28.23,1011,74,26,31
69.56,69.58,28.23,1011,74,26,31
96.99,39.79,21.13,1007,32,21.13,21.13
75.19,13.15,26,1005,88,26,26
24.30,43.58,28.23,1011,74,26,31
51.94,49.99,28.23,1011,74,26,31
53.50,46.35,28.23,1011,74,26,31
14.98,77.51,28.23,1011,74,26,31
96.61,18.55,28.23,1011,74,26,31
62.71,23.73,28.23,1011,74,26,31
99.87,53.52,28.23,1011,74,26,31
71.61,80.34,1.33,1011.14,87,1.33,1.33
72.46,40.51,26.08,1011,37,19.44,31
12.24,19.67,42.33,1007.55,7,42.33,42.33
82.31,17.47,30,1000,74,30,30
15.24,57.99,19.01,1020,48,18,20.56
63.58,98.21,28.23,1011,74,26,31
39.59,29.28,28.23,1011,74,26,31
92.96,73.61,28.23,1011,74,26,31
39.68,76.26,28.23,1011,74,26,31
35.71,94.75,28.23,1011,74,26,31
69.66,41.53,35,1009,13,35,35
54.19,56.54,24.93,1017.47,57,24.93,24.93
49.42,51.56,29.23,1018.22,36,29.23,29.23
91.71,73.60,12.33,1001.91,78,12.33,12.33
78.15,99.85,28.23,1011,74,26,31
28.88,46.84,28.23,1011,74,26,31
85.77,23.99,28.23,1011,74,26,31
30.51,90.45,28.23,1011,74,26,31
74.30,82.25,28.23,1011,74,26,31
36.45,93.84,28.23,1011,74,26,31
44.86,95.41,28.23,1011,74,26,31
71.20,57.25,28.23,1011,74,26,31
63.54,14.33,28.23,1011,74,26,31
69.40,91.59,28.23,1011,74,26,31
89.83,76.14,28.23,1011,74,26,31
37.67,21.68,28.23,1011,74,26,31
41.12,68.15,28.23,1011,74,26,31
48.18,11.14,29.83,1005.5,49,29.83,29.83
91.79,84.69,-0.08,1014.54,87,-0.08,-0.08
25.63,43.84,28.23,1011,74,26,31
66.71,82.35,-0.28,1014.06,92,-0.28,-0.28
83.31,60.32,28.23,1011,74,26,31
95.39,56.96,24.53,1008.61,48,24.53,24.53
35.59,80.39,1.13,1013.94,95,1.13,1.13
47.17,59.82,20.73,1010.01,84,20.73,20.73
76.63,64.66,11.11,1011,62,11.11,11.11
46.96,31.50,45.33,999.55,7,45.33,45.33
98.94,86.81,0.33,1012.24,96,0.33,0.33
32.82,33.82,25.33,1009.39,76,25.33,25.33
66.56,36.18,34.83,1006.56,10,34.83,34.83
91.82,70.27,13.73,1004.44,66,13.73,13.73
58.53,68.99,1.43,1007.84,91,1.43,1.43
76.10,96.62,28.23,1011,74,26,31
93.32,73.18,14.83,1003.07,68,14.83,14.83
43.78,33.67,41,1003,19,41,41
40.19,96.61,28.23,1011,74,26,31
83.70,59.21,18.13,1005.34,83,18.13,18.13
99.69,81.22,0.53,1015.24,88,0.53,0.53
95.91,98.36,28.23,1011,74,26,31
79.74,35.51,28.23,1011,74,26,31
18.44,36.61,27.13,1016.66,54,27.13,27.13
93.44,27.48,23.53,1005.17,93,23.53,23.53
82.11,48.65,24.83,1007.5,37,24.83,24.83
70.18,47.71,27.43,1010.87,36,27.43,27.43
19.80,54.16,21.67,1023,58,21.67,21.67
37.95,34.11,31.53,1007.4,17,31.53,31.53
43.11,42.16,32,1009,52,32,32
11.77,54.88,18.77,1025,48,17.22,20.56
63.28,88.65,28.23,1011,74,26,31
93.44,86.93,0.23,1012.28,96,0.23,0.23
67.34,87.15,28.23,1011,74,26,31
23.80,63.11,28.23,1011,74,26,31
28.21,68.47,9,1003,93,9,9
15.16,68.97,9.78,1007,87,6.67,11
23.98,59.72,18.02,1017,45,15.56,20
30.22,88.95,28.23,1011,74,26,31
45.10,45.40,37.33,1011.12,15,37.33,37.33
32.65,16.75,42.13,1002.74,12,42.13,42.13
87.88,23.39,31,1001,68,30,32.22
39.56,41.18,28.23,1011,74,26,31
14.23,75.82,28.23,1011,74,26,31
93.18,26.28,30.63,1002.88,73,30.63,30.63
53.69,97.40,28.23,1011,74,26,31
96.22,19.43,28.23,1011,74,26,31
74.28,85.48,0.33,1013.59,91,0.33,0.33
30.31,71.94,4.63,1012.81,83,4.63,4.63
40.23,38.35,33.39,1008,19,32,35
61.65,50.34,28.23,1011,74,26,31
88.83,91.40,28.23,1011,74,26,31
52.23,98.17,28.23,1011,74,26,31
41.78,38.35,28.23,1011,74,26,31
94.66,24.67,28.23,1011,74,26,31
45.40,47.28,28.23,1011,74,26,31
35.39,14.37,28.23,1011,74,26,31
14.34,92.36,28.23,1011,74,26,31
99.61,26.81,15.73,1004.43,84,15.73,15.73
28.53,24.95,36.83,1009.18,12,36.83,36.83
80.68,51.26,27.03,1006.77,32,27.03,27.03
35.57,50.84,28.23,1011,74,26,31
96.37,76.63,28.23,1011,74,26,31
16.37,35.52,28.23,1011,74,26,31
40.87,67.73,28.23,1011,74,26,31
63.12,89.99,28.23,1011,74,26,31
14.76,82.69,28.23,1011,74,26,31
52.47,82.70,0.53,1013.24,94,0.53,0.53
89.40,36.96,2.73,1014.36,86,2.73,2.73
60.10,10.68,28.23,1011,74,26,31
93.54,20.96,28.23,1011,74,26,31
90.46,31.42,28.23,1011,74,26,31
61.48,93.79,28.23,1011,74,26,31
52.71,27.10,41.62,1000,38,41,42
88.93,30.49,10.53,1001.01,47,10.53,10.53
89.78,58.59,28.23,1011,74,26,31
70.95,94.37,28.23,1011,74,26,31
20.50,22.74,37.83,1010.18,9,37.83,37.83
44.77,64.85,20.63,1005.29,63,20.63,20.63
84.64,42.94,28.23,1011,74,26,31
28.45,26.63,36.23,1009.98,14,36.23,36.23
12.76,25.42,28.23,1011,74,26,31
66.42,84.67,0.33,1013.49,91,0.33,0.33
56.84,32.34,41.93,998.97,6,41.93,41.93
39.27,18.59,31.43,1001.93,61,31.43,31.43
66.73,51.10,20.63,1016.93,36,20.63,20.63
30.81,85.65,0.53,1011.5,86,0.53,0.53
28.83,44.97,32.87,1013,26,32.78,33
17.17,57.30,20.72,1019,45,20.56,21.11
38.67,78.49,0.23,1014.16,97,0.23,0.23
15.21,19.27,41.23,1006.18,5,41.23,41.23
93.79,99.23,28.23,1011,74,26,31
50.24,91.94,28.23,1011,74,26,31
39.33,11.53,28.23,1011,74,26,31
24.31,84.46,28.23,1011,74,26,31
24.34,91.33,28.23,1011,74,26,31
23.59,87.25,0.43,1010.91,90,0.43,0.43
49.88,40.61,33,1011,38,33,33
15.49,25.61,37.43,1011.64,9,37.43,37.43
75.60,97.72,28.23,1011,74,26,31
28.62,77.84,1.63,1015.07,83,1.63,1.63
95.46,32.90,11.53,1002.78,58,11.53,11.53
76.74,73.62,0.23,997.24,90,0.23,0.23
23.21,65.86,12.43,1000,87,12,13
22.17,48.26,26.38,1017,57,26,26.67
54.61,62.52,17.73,1005.94,84,17.73,17.73
96.23,87.88,0.03,1011.42,96,0.03,0.03
37.59,54.77,28.23,1011,74,26,31
12.98,31.45,28.23,1011,74,26,31
87.51,58.35,25.83,1005.27,37,25.83,25.83
63.54,59.98,28.23,1011,74,26,31
78.50,72.79,28.23,1011,74,26,31
66.77,98.30,28.23,1011,74,26,31
63.67,96.77,28.23,1011,74,26,31
42.46,71.46,3.13,1012.01,85,3.13,3.13
59.10,87.25,0.33,1011.64,93,0.33,0.33
72.77,81.82,28.23,1011,74,26,31
64.22,98.96,28.23,1011,74,26,31
53.99,12.13,26.93,1004.46,79,26.93,26.93
24.46,83.86,28.23,1011,74,26,31
12.93,24.88,28.23,1011,74,26,31
14.40,99.74,28.23,1011,74,26,31
71.87,99.93,28.23,1011,74,26,31
61.52,84.36,0.43,1013.4,91,0.43,0.43
56.43,82.78,0.63,1013.49,88,0.63,0.63
44.16,73.19,1.53,1010.68,84,1.53,1.53
78.48,52.11,28.23,1011,74,26,31
94.44,47.43,28.23,1011,74,26,31
76.39,50.89,28.23,1011,74,26,31
79.85,37.85,28.23,1011,74,26,31
80.53,28.34,28.23,1011,74,26,31
92.53,49.53,28.23,1011,74,26,31
48.58,59.74,22.13,1010.33,72,22.13,22.13
24.51,21.43,40.03,1008.78,8,40.03,40.03
63.29,85.22,0.33,1013,96,0.33,0.33
36.93,33.76,34,1010,20,34,34
87.67,55.81,28.23,1011,74,26,31
17.56,74.12,28.23,1011,74,26,31
29.32,48.22,28.23,1011,74,26,31
41.34,43.29,28.23,1011,74,26,31
41.68,90.25,28.23,1011,74,26,31
49.38,50.41,28.23,1011,74,26,31
59.61,38.82,28.23,1011,74,26,31
30.95,97.28,28.23,1011,74,26,31
47.95,93.39,28.23,1011,74,26,31
23.40,21.25,39.73,1008.2,8,39.73,39.73
87.58,36.84,28.23,1011,74,26,31
52.53,35.30,28.23,1011,74,26,31
52.31,57.64,24.03,1014.51,63,24.03,24.03
54.92,77.51,28.23,1011,74,26,31
28.80,27.73,35.73,1009.73,13,35.73,35.73
55.55,27.14,39,999,48,39,39
51.69,44.94,38.03,1011.31,13,38.03,38.03
69.48,14.73,28.23,1011,74,26,31
37.28,52.51,28.43,1017.98,49,28.43,28.43
40.44,13.87,39.03,1004.73,14,39.03,39.03
65.88,61.39,28.23,1011,74,26,31
80.24,67.86,9.33,1007.04,59,9.33,9.33
56.16,40.73,40.23,1008.52,9,40.23,40.23
87.36,36.69,6.03,1012.09,61,6.03,6.03
98.26,80.38,0.63,1015.19,88,0.63,0.63
11.37,84.59,0.43,1010.99,92,0.43,0.43
40.60,74.53,0.93,1012.28,92,0.93,0.93
45.47,25.51,39.63,1004.14,8,39.63,39.63
10.51,59.91,19.21,1017,31,17.22,20.56
61.30,69.76,2.13,1005.8,80,2.13,2.13
61.52,39.62,38.93,1006.9,8,38.93,38.93
53.78,67.21,14.43,1008.55,40,14.43,14.43
83.70,31.54,8.03,1002.77,31,8.03,8.03
63.95,15.91,28.23,1004.58,82,28.23,28.23
66.38,15.31,28.23,1011,74,26,31
45.96,81.66,0.73,1013.28,92,0.73,0.73
90.76,98.80,28.23,1011,74,26,31
52.47,29.54,36.72,1013,14,36,37.22
52.32,71.63,0.43,1006.09,93,0.43,0.43
33.10,80.48,1.43,1013.97,94,1.43,1.43
31.17,91.30,28.23,1011,74,26,31
36.39,60.17,25.63,1009.82,40,25.63,25.63
36.50,93.92,28.23,1011,74,26,31
31.48,44.34,28.23,1011,74,26,31
15.21,97.96,28.23,1011,74,26,31
38.42,95.45,28.23,1011,74,26,31
52.24,97.47,28.23,1011,74,26,31
58.91,70.25,1.93,1005.38,82,1.93,1.93
10.92,69.95,8.93,1006.06,93,8.93,8.93
86.83,19.21,28.93,1000.02,82,28.93,28.93
65.18,31.35,40.53,996.77,4,40.53,40.53
58.31,22.23,28.23,1011,74,26,31
41.88,18.55,28.23,1011,74,26,31
12.29,45.67,28.23,1011,74,26,31
73.34,95.15,28.23,1011,74,26,31
52.93,88.81,28.23,1011,74,26,31
76.36,41.93,15,1014,92,15,15
64.49,52.94,28.23,1011,74,26,31
71.55,42.85,28.23,1011,74,26,31
21.41,69.91,28.23,1011,74,26,31
15.48,49.42,23.37,1019,64,20,26.11
21.25,12.55,28.23,1011,74,26,31
57.11,88.23,28.23,1011,74,26,31
35.80,23.50,32.43,1004.87,48,32.43,32.43
58.47,14.27,27.63,1004.29,83,27.63,27.63
32.70,77.98,1.23,1015.05,86,1.23,1.23
36.99,90.39,28.23,1011,74,26,31
99.66,25.18,21.13,1003.83,77,21.13,21.13
51.52,57.89,28.23,1011,74,26,31
60.59,76.45,28.23,1011,74,26,31
84.80,43.74,28.23,1011,74,26,31
31.65,70.19,28.23,1011,74,26,31
30.70,78.85,28.23,1011,74,26,31
16.80,64.81,28.23,1011,74,26,31
84.18,82.72,0.73,1015.55,90,0.73,0.73
74.45,81.75,1.23,1014.1,86,1.23,1.23
15.16,75.55,5.83,1014.08,72,5.83,5.83
76.19,72.77,0.23,1000.05,90,0.23,0.23
74.20,56.84,28.23,1011,74,26,31
42.70,63.75,28.23,1011,74,26,31
34.92,37.74,28.23,1011,74,26,31
58.35,62.52,28.23,1011,74,26,31
84.77,75.35,28.23,1011,74,26,31
21.10,94.64,28.23,1011,74,26,31
62.77,66.76,13.63,1008.29,46,13.63,13.63
96.36,14.31,28.23,1011,74,26,31
40.68,43.13,27.81,1011,74,27.78,28
94.37,89.13,0.23,1010.37,96,0.23,0.23
32.30,70.26,28.23,1011,74,26,31
43.64,68.51,5.03,1010.63,78,5.03,5.03
24.17,11.11,28.23,1011,74,26,31
32.40,37.19,23.03,1010.23,47,23.03,23.03
20.32,43.19,28.23,1011,74,26,31
69.34,31.34,30.13,1001.27,18,30.13,30.13
90.29,28.59,28.23,1011,74,26,31
56.24,89.25,0.13,1010.32,96,0.13,0.13
18.53,47.41,27.56,1017,65,26,28.89
66.85,27.68,36.33,998.16,10,36.33,36.33
31.11,94.66,28.23,1011,74,26,31
30.28,84.42,0.43,1011.83,90,0.43,0.43
60.51,52.65,28.23,1011,74,26,31
61.55,51.70,21.83,1019.91,30,21.83,21.83
57.38,10.76,27.03,1006.72,82,27.03,27.03
82.96,15.93,29.23,1001.32,79,29.23,29.23
67.86,61.13,16,1013,44,16,16
21.33,88.26,0.53,1010.52,88,0.53,0.53
91.15,73.16,28.23,1011,74,26,31
14.74,11.53,38.63,1009.23,28,38.63,38.63
88.24,49.51,13.23,1009.53,28,13.23,13.23
79.57,96.53,28.23,1011,74,26,31
17.10,53.30,22.67,1023,46,21.11,23.89
46.30,99.21,28.23,1011,74,26,31
92.26,88.64,0.23,1010.68,92,0.23,0.23
20.67,83.27,28.23,1011,74,26,31
52.63,11.42,26.93,1004.01,76,26.93,26.93
49.31,37.76,31,1010,48,31,31
65.54,44.74,35,1011,12,35,35
47.64,63.61,23.23,1004.62,61,23.23,23.23
42.68,89.33,0.23,1010.29,94,0.23,0.23
22.74,88.10,28.23,1011,74,26,31
38.65,42.48,26.73,1009.5,63,26.73,26.73
44.79,65.54,16.63,1005.91,76,16.63,16.63
62.52,34.96,28.23,1011,74,26,31
55.90,23.31,45.13,998.67,7,45.13,45.13
17.41,13.12,40.73,1007.43,22,40.73,40.73
10.88,89.25,0.33,1010.16,91,0.33,0.33
74.55,15.30,28,1008,65,28,28
91.60,69.67,7.03,1005.42,90,7.03,7.03
86.99,39.86,32.63,1000.68,19,32.63,32.63
52.34,91.24,28.23,1011,74,26,31
71.34,19.16,28.93,1002.89,79,28.93,28.93
61.47,44.68,28.23,1011,74,26,31
82.23,69.75,28.23,1011,74,26,31
75.48,56.73,28.23,1011,74,26,31
64.77,13.90,28.23,1011,74,26,31
92.39,46.93,16.53,1005.23,23,16.53,16.53
88.13,57.16,25.83,1005.4,40,25.83,25.83
